"";"word";"n"
"1";"Licenciamento";118
"2";"Etapa";111
"3";"Processo";100
"4";"Ibama";95
"5";"Análise";91
"6";"Impactos";89
"7";"Ambiental";82
"8";"Região";79
"9";"EIA";73
"10";"Manifestação";66
"11";"UCS";66
"12";"Óleo";65
"13";"Petrobras";63
"14";"Proposta";63
"15";"Dados";61
"16";"Pré-Sal";61
"17";"Trabalho";61
"18";"Parte";60
"19";"Relação";59
"20";"Pólis";57
"21";"Possível";57
"22";"Navios";55
"23";"Condicionantes";54
"24";"Forma";53
"25";"Lucila";53
"26";"Instituto";52
"27";"Áreas";51
"28";"Informações";50
"29";"Somente";50
"30";"Irá";46
"31";"Sigap";44
"32";"Água";43
"33";"Metas";43
"34";"Anos";42
"35";"Gestão";42
"36";"Participação";42
"37";"Estado";41
"38";"P";41
"39";"Meio";40
"40";"Sistema";40
"41";"Ambiente";39
"42";"Araçá";39
"43";"Dois";39
"44";"Maior";39
"45";"Observatório";39
"46";"Informação";38
"47";"Outras";38
"48";"Gtlicenciamento";37
"49";"Pessoas";37
"50";"Porto";37
"51";"Citou";36
"52";"Discussão";36
"53";"Pesca";36
"54";"Três";36
"55";"Algumas";35
"56";"Brasil";35
"57";"Haver";35
"58";"Paulo";35
"59";"Criação";34
"60";"Empreendimentos";34
"61";"Fez";34
"62";"Gás";34
"63";"Monitoramento";34
"64";"Próxima";34
"65";"Diagnóstico";33
"66";"Dp";33
"67";"Vazamento";33
"68";"Cbhln";32
"69";"Decreto";32
"70";"Empreendimento";32
"71";"Ilhabela";32
"72";"Licença";32
"73";"Possui";32
"74";"Todo";32
"75";"Haverá";31
"76";"Petróleo";31
"77";"Produção";31
"78";"Risco";31
"79";"Sebastião";31
"80";"Ano";30
"81";"Compensação";30
"82";"Considera";30
"83";"Discutido";30
"84";"Estadual";30
"85";"Mostrou";30
"86";"Devem";29
"87";"Iis";29
"88";"Sociedade";29
"89";"Bem";28
"90";"Carlos";28
"91";"Manejo";28
"92";"Solicitou";28
"93";"Esclareceu";27
"94";"Final";27
"95";"Melhor";27
"96";"Municípios";27
"97";"Pescadores";27
"98";"Planejamento";27
"99";"Alguns";26
"100";"Cumulativos";26
"101";"EIArima";26
"102";"Feita";26
"103";"Mil";26
"104";"Várias";26
"105";"Entender";25
"106";"Fórum";25
"107";"Interessante";25
"108";"Leonardo";25
"109";"Pauta";25
"110";"Vários";25
"111";"Ajuda";24
"112";"Além";24
"113";"Apresentou";24
"114";"Através";24
"115";"Empreendedor";24
"116";"Módulo";24
"117";"Outros";24
"118";"Pública";24
"119";"Sustentável";24
"120";"Acompanhamento";23
"121";"Costa";23
"122";"Dentro";23
"123";"Equipe";23
"124";"Faz";23
"125";"Ficou";23
"126";"Apenas";22
"127";"Audiência";22
"128";"Baía";22
"129";"Caso";22
"130";"Cdss";22
"131";"Comdial";22
"132";"Condicionante";22
"133";"Desde";22
"134";"Diferentes";22
"135";"Diversas";22
"136";"Importância";22
"137";"Lembrou";22
"138";"Representante";22
"139";"Sabe";22
"140";"Saber";22
"141";"Técnica";22
"142";"Tudo";22
"143";"Antes";21
"144";"Bastante";21
"145";"Discutir";21
"146";"Documentos";21
"147";"Gestor";21
"148";"Ideia";21
"149";"Possuem";21
"150";"Produtos";21
"151";"Realizar";21
"152";"Resultados";21
"153";"Agenda";20
"154";"Complementou";20
"155";"Diversos";20
"156";"Duas";20
"157";"Fato";20
"158";"Federal";20
"159";"Feito";20
"160";"Icmbio";20
"161";"Impacto";20
"162";"Influência";20
"163";"Integrada";20
"164";"Memória";20
"165";"Previsão";20
"166";"Questionou";20
"167";"Referente";20
"168";"Segundo";20
"169";"Tempo";20
"170";"Toda";20
"171";"Atores";19
"172";"Avaliação";19
"173";"Cc";19
"174";"Deliberação";19
"175";"Estudo";19
"176";"Mesma";19
"177";"Modelagem";19
"178";"Momento";19
"179";"Ordinária";19
"180";"Outro";19
"181";"Quatro";19
"182";"Revisada";19
"183";"Tlds";19
"184";"Trabalhar";19
"185";"Ubatuba";19
"186";"Uc";19
"187";"Ações";18
"188";"Agradeceu";18
"189";"Apresentar";18
"190";"Atualmente";18
"191";"Dessa";18
"192";"Elaboração";18
"193";"Embarcações";18
"194";"Escoamento";18
"195";"Fica";18
"196";"Gestores";18
"197";"Inclusive";18
"198";"Instituição";18
"199";"Interesse";18
"200";"Mencionou";18
"201";"Município";18
"202";"Objetivo";18
"203";"Opinião";18
"204";"Presença";18
"205";"Público";18
"206";"Responsabilidade";18
"207";"Versão";18
"208";"Acesso";17
"209";"Amadora";17
"210";"Concluiu";17
"211";"Deste";17
"212";"Disso";17
"213";"Enviar";17
"214";"Esec";17
"215";"Estudos";17
"216";"Havia";17
"217";"Importantes";17
"218";"Intenção";17
"219";"Menos";17
"220";"Metros";17
"221";"Mundo";17
"222";"Oficinas";17
"223";"Órgão";17
"224";"Parecer";17
"225";"Possibilidade";17
"226";"Prefeitura";17
"227";"Presentes";17
"228";"Protegidas";17
"229";"Rota";17
"230";"Vez";17
"231";"Ajudas";16
"232";"Aumento";16
"233";"Câmara";16
"234";"Colaboradores";16
"235";"Conselhos";16
"236";"Controle";16
"237";"CTpesca";16
"238";"Devolutiva";16
"239";"Difícil";16
"240";"Gerco";16
"241";"Necessário";16
"242";"Neste";16
"243";"Outra";16
"244";"País";16
"245";"Participativo";16
"246";"Petrobrás";16
"247";"Plataforma";16
"248";"Prazo";16
"249";"Problema";16
"250";"Projetos";16
"251";"Públicas";16
"252";"Quer";16
"253";"Adriano";15
"254";"Alguma";15
"255";"Aliviadores";15
"256";"Aprovada";15
"257";"Atividades";15
"258";"Concordou";15
"259";"Conservação";15
"260";"Florestal";15
"261";"Hoje";15
"262";"Linha";15
"263";"Moção";15
"264";"Participar";15
"265";"Poços";15
"266";"Portos";15
"267";"Prefeituras";15
"268";"Produto";15
"269";"Programa";15
"270";"Programas";15
"271";"Qualquer";15
"272";"Sempre";15
"273";"Solicitado";15
"274";"Texto";15
"275";"Ambientais";14
"276";"Apresentada";14
"277";"Caraguatatuba";14
"278";"Conhecimento";14
"279";"CTs";14
"280";"Desenvolvimento";14
"281";"Ferramentas";14
"282";"Fundação";14
"283";"Grandes";14
"284";"Incluindo";14
"285";"Leu";14
"286";"Manifestações";14
"287";"Memórias";14
"288";"Meta";14
"289";"Pediu";14
"290";"Pensar";14
"291";"Pesquisa";14
"292";"Primeira";14
"293";"Problemas";14
"294";"Quantidade";14
"295";"Resposta";14
"296";"Seguro";14
"297";"Sustentabilidade";14
"298";"Talvez";14
"299";"Tebar";14
"300";"Tipo";14
"301";"Uso";14
"302";"Analisar";13
"303";"Base";13
"304";"Encaminhará";13
"305";"Etapas";13
"306";"Falta";13
"307";"Finalizar";13
"308";"Função";13
"309";"Instituições";13
"310";"It";13
"311";"Junto";13
"312";"Mar";13
"313";"Marco";13
"314";"Modelo";13
"315";"Nacional";13
"316";"Novo";13
"317";"Partir";13
"318";"Política";13
"319";"Recursos";13
"320";"Série";13
"321";"Site";13
"322";"Sul";13
"323";"Temas";13
"324";"Transporte";13
"325";"Vinicius";13
"326";"ª";12
"327";"Ação";12
"328";"Acompanhar";12
"329";"Andamento";12
"330";"Antigo";12
"331";"Apoio";12
"332";"Artigo";12
"333";"Assunto";12
"334";"Aurélio";12
"335";"Canal";12
"336";"Civil";12
"337";"Colônia";12
"338";"Conjunto";12
"339";"Considerado";12
"340";"Contribuições";12
"341";"Cplasma";12
"342";"Cujo";12
"343";"Data";12
"344";"Definido";12
"345";"Diferente";12
"346";"DT";12
"347";"Embora";12
"348";"Empregos";12
"349";"Estrutura";12
"350";"Existência";12
"351";"Fará";12
"352";"Geraldo";12
"353";"Grupos";12
"354";"Gts";12
"355";"Havendo";12
"356";"Indicadores";12
"357";"Iousp";12
"358";"Maio";12
"359";"Mapas";12
"360";"Municipal";12
"361";"Navio";12
"362";"Nesse";12
"363";"Nova";12
"364";"Nunca";12
"365";"Objetivos";12
"366";"Parque";12
"367";"Planos";12
"368";"Poço";12
"369";"Podem";12
"370";"Porém";12
"371";"Pouco";12
"372";"Processos";12
"373";"Questões";12
"374";"Serem";12
"375";"Técnico";12
"376";"Última";12
"377";"Ver";12
"378";"Vezes";12
"379";"Visa";12
"380";"Visão";12
"381";"Ampliação";11
"382";"Atenção";11
"383";"Bacia";11
"384";"Cultivo";11
"385";"Deveria";11
"386";"Divulgação";11
"387";"EIAs";11
"388";"Emergência";11
"389";"Emissões";11
"390";"Entende";11
"391";"Enviou";11
"392";"Especialmente";11
"393";"Estabelecer";11
"394";"Fala";11
"395";"Fase";11
"396";"Fazem";11
"397";"Fazendo";11
"398";"Km";11
"399";"Lei";11
"400";"Licenciador";11
"401";"Local";11
"402";"Ministério";11
"403";"Muita";11
"404";"Necessidade";11
"405";"Peib";11
"406";"Permite";11
"407";"Pinsard";11
"408";"Principal";11
"409";"Principalmente";11
"410";"Própria";11
"411";"Realização";11
"412";"Realizado";11
"413";"Revisão";11
"414";"Rodrigo";11
"415";"Santos";11
"416";"Secretaria";11
"417";"Serviços";11
"418";"Setorial";11
"419";"Solicitar";11
"420";"Sp";11
"421";"Tornar";11
"422";"Tupinambás";11
"423";"Vianna";11
"424";"Acha";10
"425";"Apesar";10
"426";"Aprovação";10
"427";"Atender";10
"428";"Atividade";10
"429";"Audiências";10
"430";"Biodiversidade";10
"431";"Capacidade";10
"432";"Cebimarusp";10
"433";"Complementação";10
"434";"Considerou";10
"435";"Contribuição";10
"436";"Coordenação";10
"437";"Corrente";10
"438";"Dessas";10
"439";"Desses";10
"440";"Disponível";10
"441";"Ecas";10
"442";"Empresa";10
"443";"Enquanto";10
"444";"Entrega";10
"445";"Gasoduto";10
"446";"Geral";10
"447";"Integração";10
"448";"Juntamente";10
"449";"Lncarlos";10
"450";"Locais";10
"451";"Março";10
"452";"Maricultura";10
"453";"Mínimo";10
"454";"Modo";10
"455";"Mp";10
"456";"Muitos";10
"457";"Nesta";10
"458";"Ninguém";10
"459";"Novembro";10
"460";"Observou";10
"461";"Ocupação";10
"462";"Período";10
"463";"Ponto";10
"464";"Pontos";10
"465";"Presente";10
"466";"Profundidade";10
"467";"Quiser";10
"468";"Secretário";10
"469";"Setor";10
"470";"Viagens";10
"471";"Abril";9
"472";"Agora";9
"473";"Analisando";9
"474";"Após";9
"475";"Assina";9
"476";"Campo";9
"477";"Categorias";9
"478";"Colônias";9
"479";"Considerando";9
"480";"Consultivo";9
"481";"Contato";9
"482";"Contrato";9
"483";"Dias";9
"484";"Direta";9
"485";"Disponíveis";9
"486";"Dutos";9
"487";"Elaborada";9
"488";"Encaminhar";9
"489";"Espaço";9
"490";"Espécies";9
"491";"Estar";9
"492";"Expectativa";9
"493";"Ferramenta";9
"494";"Funcionamento";9
"495";"Fundo";9
"496";"Integrar";9
"497";"Maioria";9
"498";"Mata";9
"499";"Matéria";9
"500";"Nada";9
"501";"Nível";9
"502";"Número";9
"503";"Obrigação";9
"504";"Organização";9
"505";"Passar";9
"506";"Paulista";9
"507";"Pedro";9
"508";"Pessoa";9
"509";"Plenária";9
"510";"Poderia";9
"511";"Políticas";9
"512";"Poluição";9
"513";"Precisa";9
"514";"Preocupação";9
"515";"Presidente";9
"516";"Propostas";9
"517";"Quase";9
"518";"Reais";9
"519";"Regional";9
"520";"Repassará";9
"521";"Representa";9
"522";"Resíduos";9
"523";"Responder";9
"524";"Rotas";9
"525";"Salt";9
"526";"Sede";9
"527";"Snuc";9
"528";"Tema";9
"529";"Tentar";9
"530";"Trata";9
"531";"Últimos";9
"532";"Velocidade";9
"533";"Verificar";9
"534";"Vida";9
"535";"Acredita";8
"536";"Agosto";8
"537";"Alga";8
"538";"Atlântico";8
"539";"Busca";8
"540";"C";8
"541";"Câmaras";8
"542";"Capítulo";8
"543";"Cláudio";8
"544";"Co";8
"545";"Comunidades";8
"546";"Conseguimos";8
"547";"Conselhão";8
"548";"Considerada";8
"549";"Continuidade";8
"550";"Contribuir";8
"551";"Convite";8
"552";"Correntes";8
"553";"Cronograma";8
"554";"Definir";8
"555";"Destes";8
"556";"Detalhamento";8
"557";"Ecossistema";8
"558";"Email";8
"559";"Entendimento";8
"560";"Esforço";8
"561";"Estratégica";8
"562";"Exceção";8
"563";"Exploração";8
"564";"Fundeio";8
"565";"Gln";8
"566";"Gravação";8
"567";"Janeiro";8
"568";"Lavrada";8
"569";"Legal";8
"570";"Limites";8
"571";"Link";8
"572";"Longo";8
"573";"Marinhas";8
"574";"Melhoria";8
"575";"Mieldazis";8
"576";"Mosaico";8
"577";"Nathalye";8
"578";"Navegação";8
"579";"Nenhuma";8
"580";"Páginas";8
"581";"Pevo";8
"582";"Portanto";8
"583";"Pretende";8
"584";"Primeiramente";8
"585";"Procedimentos";8
"586";"Próprio";8
"587";"Químicos";8
"588";"Realizada";8
"589";"Realnorte";8
"590";"Recentemente";8
"591";"Recurso";8
"592";"Rede";8
"593";"Relacionadas";8
"594";"Resolução";8
"595";"Responsável";8
"596";"Retirado";8
"597";"Retomou";8
"598";"Rio";8
"599";"Social";8
"600";"Solicitando";8
"601";"Tão";8
"602";"Termos";8
"603";"Teste";8
"604";"Tipos";8
"605";"Tld";8
"606";"Totalmente";8
"607";"Única";8
"608";"Unidade";8
"609";"Utilizado";8
"610";"Vem";8
"611";"Vivem";8
"612";"Algo";7
"613";"Alguém";7
"614";"Anp";7
"615";"Anteriores";7
"616";"Areas";7
"617";"Atlântica";7
"618";"Atuação";7
"619";"Benefícios";7
"620";"Bom";7
"621";"Camada";7
"622";"Campos";7
"623";"Cerca";7
"624";"Cercosflutuantes";7
"625";"Cetesb";7
"626";"Cgpeg";7
"627";"Cidade";7
"628";"Cima";7
"629";"Cinco";7
"630";"Complementações";7
"631";"Consegue";7
"632";"Conseguiu";7
"633";"Consideradas";7
"634";"Dá";7
"635";"Dar";7
"636";"Definição";7
"637";"Deverá";7
"638";"Devolutivas";7
"639";"Diferentemente";7
"640";"Docas";7
"641";"Dps";7
"642";"Efeitos";7
"643";"Elogiou";7
"644";"Entra";7
"645";"Enviado";7
"646";"Expansão";7
"647";"Extraordinária";7
"648";"Força";7
"649";"Fpso";7
"650";"Informes";7
"651";"Interessantes";7
"652";"Junho";7
"653";"Lado";7
"654";"Logo";7
"655";"Manguezal";7
"656";"Milhões";7
"657";"Motivo";7
"658";"Nenhum";7
"659";"Novamente";7
"660";"Ocorra";7
"661";"Passam";7
"662";"Pautas";7
"663";"Pedir";7
"664";"Poder";7
"665";"População";7
"666";"Posição";7
"667";"Possivelmente";7
"668";"Pressão";7
"669";"Prévia";7
"670";"Procedimento";7
"671";"Próprios";7
"672";"Provavelmente";7
"673";"Próximos";7
"674";"Qualidade";7
"675";"Recebeu";7
"676";"Refeito";7
"677";"Referência";7
"678";"Regionais";7
"679";"Registro";7
"680";"Registros";7
"681";"Retomada";7
"682";"Rocha";7
"683";"Royalties";7
"684";"Saneamento";7
"685";"Segunda";7
"686";"T";7
"687";"TDR";7
"688";"Unanimidade";7
"689";"Único";7
"690";"Utilização";7
"691";"Utilizada";7
"692";"ZEE";7
"693";"Aberto";6
"694";"Acaba";6
"695";"Acontece";6
"696";"Aconteceu";6
"697";"Adequadamente";6
"698";"Alimento";6
"699";"Alvarezii";6
"700";"Âmbito";6
"701";"Análises";6
"702";"Anteriormente";6
"703";"APAM-LNff";6
"704";"APAM-LNlucila";6
"705";"Apas";6
"706";"Aplicado";6
"707";"Apresentado";6
"708";"Aprovado";6
"709";"Aprovar";6
"710";"Aproximação";6
"711";"Assoc";6
"712";"Atuar";6
"713";"Auxiliar";6
"714";"Avaliar";6
"715";"Bacias";6
"716";"Banco";6
"717";"Barris";6
"718";"Bocaina";6
"719";"Caminhões";6
"720";"Centralização";6
"721";"Chegar";6
"722";"Cobertura";6
"723";"Cobrança";6
"724";"Começo";6
"725";"Complexidade";6
"726";"Comunidade";6
"727";"Conama";6
"728";"Considerados";6
"729";"Considerar";6
"730";"Consta";6
"731";"Contas";6
"732";"Costeira";6
"733";"Costeiro";6
"734";"Criado";6
"735";"Deliberar";6
"736";"Desordenada";6
"737";"Destino";6
"738";"Deu";6
"739";"Discussões";6
"740";"Discutida";6
"741";"Discutidos";6
"742";"Distribuído";6
"743";"Dpa";6
"744";"Econômicos";6
"745";"Embarcação";6
"746";"Emissão";6
"747";"Entidades";6
"748";"Especial";6
"749";"Falar";6
"750";"Foco";6
"751";"Frequentes";6
"752";"Futuro";6
"753";"Ganho";6
"754";"Geração";6
"755";"Gerados";6
"756";"Gostaria";6
"757";"Gtaraçá";6
"758";"Histórico";6
"759";"Ilha";6
"760";"Independente";6
"761";"Instalação";6
"762";"Integrado";6
"763";"Itens";6
"764";"Kappaphicus";6
"765";"Levantamento";6
"766";"Licenciado";6
"767";"Lista";6
"768";"Logística";6
"769";"Melhorar";6
"770";"Menciona";6
"771";"Mesmas";6
"772";"Minuta";6
"773";"Mudança";6
"774";"Natureza";6
"775";"Náutico";6
"776";"Navioplataforma";6
"777";"Novas";6
"778";"Ocorre";6
"779";"Oficiais";6
"780";"Ondas";6
"781";"Ongs";6
"782";"Operação";6
"783";"Oportunidade";6
"784";"Orgânica";6
"785";"Organismos";6
"786";"Pamb";6
"787";"Participantes";6
"788";"Permanente";6
"789";"Pesmnss";6
"790";"Plataformas";6
"791";"Podendo";6
"792";"Posteriormente";6
"793";"Potenciais";6
"794";"Praia";6
"795";"Praias";6
"796";"Pref";6
"797";"Primeiro";6
"798";"Processamento";6
"799";"Propostos";6
"800";"Proteção";6
"801";"Quantos";6
"802";"Queimar";6
"803";"Realmente";6
"804";"Recebe";6
"805";"Recebimento";6
"806";"Referências";6
"807";"Relatório";6
"808";"Repassar";6
"809";"Retirada";6
"810";"Seguida";6
"811";"Segurança";6
"812";"Sentido";6
"813";"Tanto";6
"814";"Terminar";6
"815";"Transformar";6
"816";"Vamos";6
"817";"Votos";6
"818";"Abertas";5
"819";"Adequada";5
"820";"Ambientalistas";5
"821";"Analisado";5
"822";"André";5
"823";"Angra";5
"824";"Ariess";5
"825";"Armazenamento";5
"826";"Assuntos";5
"827";"Atendimento";5
"828";"Avançar";5
"829";"Cafélucila";5
"830";"Capitão";5
"831";"Características";5
"832";"Chega";5
"833";"Coisas";5
"834";"Coleta";5
"835";"Comentários";5
"836";"Competência";5
"837";"Compõem";5
"838";"Composição";5
"839";"Comunicação";5
"840";"Conceito";5
"841";"Constituem";5
"842";"Conta";5
"843";"Continua";5
"844";"Contrário";5
"845";"Controled";5
"846";"Convidada";5
"847";"CTeac";5
"848";"Decisão";5
"849";"Declarar";5
"850";"Deliberada";5
"851";"Demanda";5
"852";"Depende";5
"853";"Desafio";5
"854";"Desenvolver";5
"855";"Detalhada";5
"856";"Devemos";5
"857";"Devendo";5
"858";"Deverão";5
"859";"Deveriam";5
"860";"Devese";5
"861";"Dezembro";5
"862";"Dificuldade";5
"863";"Dinheiro";5
"864";"Direcionamento";5
"865";"Diretamente";5
"866";"Diretor";5
"867";"Diretrizes";5
"868";"Distribuição";5
"869";"Dizer";5
"870";"Durante";5
"871";"Econômica";5
"872";"Educação";5
"873";"Elementos";5
"874";"Encerrouse";5
"875";"Energia";5
"876";"Entram";5
"877";"Entrará";5
"878";"Enviará";5
"879";"Environmental";5
"880";"Escrito";5
"881";"Estará";5
"882";"Exemplificou";5
"883";"Exercício";5
"884";"Existem";5
"885";"Extremamente";5
"886";"Falhas";5
"887";"Fechamento";5
"888";"Ficam";5
"889";"Fiscalização";5
"890";"Fontes";5
"891";"Formato";5
"892";"França";5
"893";"Frente";5
"894";"Funcionando";5
"895";"Geram";5
"896";"Gerência";5
"897";"Gerenciamento";5
"898";"Gráfico";5
"899";"Ideal";5
"900";"Inaugurado";5
"901";"Indica";5
"902";"Injeção";5
"903";"Integrante";5
"904";"Integrantes";5
"905";"Interessados";5
"906";"Irão";5
"907";"Lacuna";5
"908";"Legislação";5
"909";"Levantar";5
"910";"Licenciamentoleonardo";5
"911";"Licenciamentolucila";5
"912";"Longa";5
"913";"Maneira";5
"914";"Mangaratiba";5
"915";"Manifestar";5
"916";"Mapa";5
"917";"Matriz";5
"918";"Megaprojetos";5
"919";"Menor";5
"920";"Meses";5
"921";"Metade";5
"922";"Movimentação";5
"923";"Mudar";5
"924";"Muitas";5
"925";"Municipais";5
"926";"Naturais";5
"927";"Necessárias";5
"928";"Nessa";5
"929";"Normativa";5
"930";"Obras";5
"931";"Obrigatoriedade";5
"932";"Obter";5
"933";"Obtidos";5
"934";"Ocorrerá";5
"935";"Ocorrerão";5
"936";"Ocorreu";5
"937";"Ofício";5
"938";"Orçamento";5
"939";"Órgãos";5
"940";"Outubro";5
"941";"Pareceres";5
"942";"Pendentes";5
"943";"Pesquisadores";5
"944";"Produzido";5
"945";"Rápido";5
"946";"Redação";5
"947";"Relacionados";5
"948";"Representatividade";5
"949";"Reserva";5
"950";"Reservatório";5
"951";"Retirar";5
"952";"Riscos";5
"953";"Sedimentos";5
"954";"Serviço";5
"955";"Seuc";5
"956";"Simples";5
"957";"Sinérgicos";5
"958";"Sobreposição";5
"959";"Sociais";5
"960";"Solo";5
"961";"Subsídios";5
"962";"Sugestão";5
"963";"Tamanho";5
"964";"Técnicos";5
"965";"Tecnologia";5
"966";"Termo";5
"967";"Testes";5
"968";"Tráfego";5
"969";"Transformação";5
"970";"Transparência";5
"971";"Transpetro";5
"972";"Turismo";5
"973";"Unidades";5
"974";"Usar";5
"975";"Usos";5
"976";"Valor";5
"977";"Volta";5
"978";"Volume";5
"979";"Votação";5
"980";"Zona";5
"981";"Zoneamento";5
"982";"Abstenções";4
"983";"Acas";4
"984";"Acordo";4
"985";"Acordos";4
"986";"Afetada";4
"987";"Afirmou";4
"988";"Aguardando";4
"989";"Algas";4
"990";"Algum";4
"991";"Alteração";4
"992";"Altomar";4
"993";"Altura";4
"994";"Amanhã";4
"995";"Amazônia";4
"996";"Ampla";4
"997";"Analisa";4
"998";"Animais";4
"999";"Anual";4
"1000";"Aplicar";4
"1001";"Apresentados";4
"1002";"Aspectos";4
"1003";"Atribuições";4
"1004";"Atual";4
"1005";"Aumentar";4
"1006";"Baia";4
"1007";"Baixa";4
"1008";"Barboza";4
"1009";"Barco";4
"1010";"Biológica";4
"1011";"Biológicos";4
"1012";"Biotaaraçá";4
"1013";"Biótico";4
"1014";"Bms";4
"1015";"Bndes";4
"1016";"Buscará";4
"1017";"Carbono";4
"1018";"Cargas";4
"1019";"Célula";4
"1020";"Certo";4
"1021";"Chamou";4
"1022";"Chegam";4
"1023";"Coletiva";4
"1024";"Colocar";4
"1025";"Combustível";4
"1026";"Comitê";4
"1027";"Compartilhamento";4
"1028";"Compartilhar";4
"1029";"Complexo";4
"1030";"Complicado";4
"1031";"Comunicado";4
"1032";"Concentram";4
"1033";"Conclusões";4
"1034";"Concorda";4
"1035";"Condição";4
"1036";"Condicionantesleonardo";4
"1037";"Condições";4
"1038";"Confirmou";4
"1039";"Conhecer";4
"1040";"Conjuntamente";4
"1041";"Consema";4
"1042";"Consequências";4
"1043";"Construir";4
"1044";"Consulta";4
"1045";"Contaminada";4
"1046";"Continuada";4
"1047";"Conversa";4
"1048";"Convidados";4
"1049";"Convidar";4
"1050";"Convidou";4
"1051";"Coordena";4
"1052";"Costeiras";4
"1053";"Criados";4
"1054";"Criar";4
"1055";"Cristina";4
"1056";"Critério";4
"1057";"Critérios";4
"1058";"CTsan";4
"1059";"Cuja";4
"1060";"Cumprimento";4
"1061";"Cumulatividade";4
"1062";"Datas";4
"1063";"Década";4
"1064";"Decisões";4
"1065";"Deixar";4
"1066";"Demandas";4
"1067";"Demonstra";4
"1068";"Dependente";4
"1069";"Derramamento";4
"1070";"Derramamentos";4
"1071";"Derrame";4
"1072";"Desembarque";4
"1073";"Diálogo";4
"1074";"Diferença";4
"1075";"Difusos";4
"1076";"Diminuir";4
"1077";"Disponibilizado";4
"1078";"Distribuir";4
"1079";"Dizem";4
"1080";"Duração";4
"1081";"Eca";4
"1082";"Economia";4
"1083";"Efeito";4
"1084";"Efetivamente";4
"1085";"Eficiência";4
"1086";"Eixo";4
"1087";"Elaborando";4
"1088";"Elaborou";4
"1089";"Eleito";4
"1090";"Embaixo";4
"1091";"Empresas";4
"1092";"Entendeu";4
"1093";"Entretanto";4
"1094";"Enviada";4
"1095";"Enviem";4
"1096";"Equipamento";4
"1097";"Escalas";4
"1098";"Escolha";4
"1099";"Esgoto";4
"1100";"Específico";4
"1101";"Espera";4
"1102";"Estender";4
"1103";"Estratégico";4
"1104";"Estudar";4
"1105";"Eventos";4
"1106";"Excomdial";4
"1107";"Executivo";4
"1108";"Exemplos";4
"1109";"Existentes";4
"1110";"Explorado";4
"1111";"Facilita";4
"1112";"Fausto";4
"1113";"Favor";4
"1114";"Feitas";4
"1115";"Finalizada";4
"1116";"Físicos";4
"1117";"Fizeram";4
"1118";"Formas";4
"1119";"Funciona";4
"1120";"Fundamental";4
"1121";"G";4
"1122";"Gera";4
"1123";"Gerente";4
"1124";"Google";4
"1125";"Haveria";4
"1126";"Hencaminhamentos";4
"1127";"Ibamalucila";4
"1128";"Imo";4
"1129";"Incorporado";4
"1130";"Incorporar";4
"1131";"Inicial";4
"1132";"Inovador";4
"1133";"Inscrição";4
"1134";"Interação";4
"1135";"Interessado";4
"1136";"Interesses";4
"1137";"Jurídico";4
"1138";"Lavagem";4
"1139";"Lazer";4
"1140";"Legislativo";4
"1141";"Leis";4
"1142";"Leitura";4
"1143";"Ler";4
"1144";"Levar";4
"1145";"Levará";4
"1146";"Licenciados";4
"1147";"Licenciamentoricardo";4
"1148";"Linhas";4
"1149";"Mapeamento";4
"1150";"Marcada";4
"1151";"Marcos";4
"1152";"Maria";4
"1153";"Material";4
"1154";"Meados";4
"1155";"Medidas";4
"1156";"Meios";4
"1157";"Metodologia";4
"1158";"Metro";4
"1159";"Mexilhão";4
"1160";"Minimizar";4
"1161";"Mitigação";4
"1162";"Modais";4
"1163";"Módulos";4
"1164";"Mostra";4
"1165";"Mostrar";4
"1166";"Natural";4
"1167";"Náutica";4
"1168";"Necessários";4
"1169";"Nomes";4
"1170";"Normas";4
"1171";"Observação";4
"1172";"Obtiver";4
"1173";"Ocorrência";4
"1174";"Oliva";4
"1175";"Online";4
"1176";"Ouvir";4
"1177";"Papel";4
"1178";"Parado";4
"1179";"Partes";4
"1180";"Particulares";4
"1181";"Passado";4
"1182";"Passivo";4
"1183";"Peixes";4
"1184";"Pensou";4
"1185";"Perigosas";4
"1186";"Planejando";4
"1187";"Poderão";4
"1188";"Podese";4
"1189";"Populaçãocarlos";4
"1190";"Portal";4
"1191";"Portoturra";4
"1192";"Posicionamento";4
"1193";"Possibilitar";4
"1194";"Potencial";4
"1195";"Poucos";4
"1196";"Precisam";4
"1197";"Previstos";4
"1198";"Principais";4
"1199";"Processolucila";4
"1200";"Produtividade";4
"1201";"Produz";4
"1202";"Produzir";4
"1203";"Profunda";4
"1204";"Proibição";4
"1205";"Prolongamento";4
"1206";"Proposto";4
"1207";"Proteger";4
"1208";"Proximidade";4
"1209";"Psol";4
"1210";"Queira";4
"1211";"Questionar";4
"1212";"Quinzena";4
"1213";"Quórum";4
"1214";"Rasa";4
"1215";"Realizadas";4
"1216";"Recordou";4
"1217";"Refinaria";4
"1218";"Reforma";4
"1219";"Regiãoturra";4
"1220";"Regulação";4
"1221";"Relacionada";4
"1222";"Repassa";4
"1223";"Repassou";4
"1224";"Representação";4
"1225";"Representando";4
"1226";"Resultado";4
"1227";"Ribeira";4
"1228";"Rodovia";4
"1229";"Rotasgeraldo";4
"1230";"Sal";4
"1231";"Secretáriaexecutiva";4
"1232";"Secretárioexecutivo";4
"1233";"Século";4
"1234";"Seguir";4
"1235";"Semana";4
"1236";"Sentiu";4
"1237";"Serra";4
"1238";"Si";4
"1239";"Simap";4
"1240";"Socioeconômico";4
"1241";"Socioeconômicos";4
"1242";"Solicita";4
"1243";"Solicitada";4
"1244";"Souber";4
"1245";"Subgrupos";4
"1246";"Subsídio";4
"1247";"Sugestões";4
"1248";"Supressão";4
"1249";"Tal";4
"1250";"Tambémlucila";4
"1251";"Tamoios";4
"1252";"Teixeira";4
"1253";"Temperatura";4
"1254";"Terceira";4
"1255";"Território";4
"1256";"Torno";4
"1257";"Total";4
"1258";"Trabalha";4
"1259";"Transparentes";4
"1260";"Tratamento";4
"1261";"Trazer";4
"1262";"Turra";4
"1263";"União";4
"1264";"Usado";4
"1265";"Usuário";4
"1266";"Utilizadas";4
"1267";"Verdade";4
"1268";"Visto";4
"1269";"Voluntário";4
"1270";"Vórtices";4
"1271";"Xxxvii";4
"1272";"Za";4
"1273";"Abordagem";3
"1274";"Academia";3
"1275";"Acidentes";3
"1276";"Acompanhando";3
"1277";"Aconteça";3
"1278";"Acontecer";3
"1279";"Adotar";3
"1280";"Aichinagoya";3
"1281";"Ais";3
"1282";"Ali";3
"1283";"Alimentar";3
"1284";"Alto";3
"1285";"Amesp";3
"1286";"Analisou";3
"1287";"Analista";3
"1288";"Anuais";3
"1289";"Aplicação";3
"1290";"Apontou";3
"1291";"Aporte";3
"1292";"Apresenta";3
"1293";"Apresente";3
"1294";"Aprovadas";3
"1295";"Aquém";3
"1296";"Argumento";3
"1297";"Associações";3
"1298";"Atende";3
"1299";"Atuais";3
"1300";"Auxiliando";3
"1301";"Auxílio";3
"1302";"Avanço";3
"1303";"Baixada";3
"1304";"Bilhões";3
"1305";"Boa";3
"1306";"Brasília";3
"1307";"Brasilpaca";3
"1308";"Breve";3
"1309";"Camadas";3
"1310";"Cantareira";3
"1311";"Cenários";3
"1312";"Central";3
"1313";"Cidadão";3
"1314";"Científico";3
"1315";"Claro";3
"1316";"Clima";3
"1317";"Colaboração";3
"1318";"Colocações";3
"1319";"Combinado";3
"1320";"Compensações";3
"1321";"Compor";3
"1322";"Compromete";3
"1323";"Conflitos";3
"1324";"Conhece";3
"1325";"Conhecimentolucila";3
"1326";"Conseguem";3
"1327";"Conseguir";3
"1328";"Conselheiroslucila";3
"1329";"Considerações";3
"1330";"Consórcio";3
"1331";"Constam";3
"1332";"Contemplem";3
"1333";"Continuar";3
"1334";"Continuará";3
"1335";"Contra";3
"1336";"Contratação";3
"1337";"Convenção";3
"1338";"Convergência";3
"1339";"Conversar";3
"1340";"Convocatória";3
"1341";"Coordenador";3
"1342";"Corresponsabilidade";3
"1343";"Correta";3
"1344";"Couto";3
"1345";"Crescimento";3
"1346";"Crítica";3
"1347";"Cumpra";3
"1348";"Cumprir";3
"1349";"Cumulativo";3
"1350";"Curto";3
"1351";"Darão";3
"1352";"Defeso";3
"1353";"Define";3
"1354";"Dependem";3
"1355";"Dependendo";3
"1356";"Detalhados";3
"1357";"Dez";3
"1358";"Diário";3
"1359";"Direto";3
"1360";"Diretoria";3
"1361";"Diretos";3
"1362";"Discutidas";3
"1363";"Disponibilizar";3
"1364";"Disponibilizou";3
"1365";"Dispor";3
"1366";"Diversidade";3
"1367";"Dr";3
"1368";"Duto";3
"1369";"Dúvidas";3
"1370";"Ea";3
"1371";"Efetiva";3
"1372";"Efetivos";3
"1373";"Elaborado";3
"1374";"Elaborados";3
"1375";"Elaborar";3
"1376";"Eleição";3
"1377";"Elencado";3
"1378";"Embasamento";3
"1379";"Emitidas";3
"1380";"Empenho";3
"1381";"Encaminhada";3
"1382";"Encaminhamento";3
"1383";"Encaminhamentos";3
"1384";"Encerrou";3
"1385";"Enorme";3
"1386";"Entorno";3
"1387";"Entregou";3
"1388";"Entrou";3
"1389";"Envolvendo";3
"1390";"Erros";3
"1391";"Esclarecimento";3
"1392";"Escritório";3
"1393";"Especialista";3
"1394";"Especificamente";3
"1395";"Esquecer";3
"1396";"Estacas";3
"1397";"Estaduais";3
"1398";"Estarão";3
"1399";"Estradas";3
"1400";"Estratégia";3
"1401";"Estratégias";3
"1402";"Estudando";3
"1403";"Evitar";3
"1404";"Excelente";3
"1405";"Executiva";3
"1406";"Exigência";3
"1407";"Exigências";3
"1408";"Exigido";3
"1409";"Explicação";3
"1410";"Exportação";3
"1411";"Exportado";3
"1412";"Extensa";3
"1413";"Faça";3
"1414";"Fases";3
"1415";"Fator";3
"1416";"Fauna";3
"1417";"Favorável";3
"1418";"Feitos";3
"1419";"Ficar";3
"1420";"Ficaria";3
"1421";"Finalidades";3
"1422";"Financeira";3
"1423";"Financiado";3
"1424";"Físico";3
"1425";"Fonte";3
"1426";"Forte";3
"1427";"Fronteira";3
"1428";"Funcionar";3
"1429";"Funções";3
"1430";"Futuramente";3
"1431";"Futuros";3
"1432";"Geológico";3
"1433";"Geopost";3
"1434";"Gerando";3
"1435";"Gerhard";3
"1436";"Gira";3
"1437";"Gravar";3
"1438";"Guardar";3
"1439";"Hidrográficas";3
"1440";"Identificados";3
"1441";"Identificar";3
"1442";"If";3
"1443";"Ii";3
"1444";"Imediatamente";3
"1445";"Impactará";3
"1446";"Implantação";3
"1447";"Impor";3
"1448";"Imposição";3
"1449";"Impossível";3
"1450";"Inclui";3
"1451";"Independentemente";3
"1452";"Indiretos";3
"1453";"Indústria";3
"1454";"Inea";3
"1455";"Infelizmente";3
"1456";"Inicialmente";3
"1457";"Início";3
"1458";"Iniciou";3
"1459";"Iniciouse";3
"1460";"Inovações";3
"1461";"Inserção";3
"1462";"Inseridas";3
"1463";"Inserido";3
"1464";"Inserir";3
"1465";"Instituiçãocarlos";3
"1466";"Instituído";3
"1467";"Intercâmbio";3
"1468";"Interferência";3
"1469";"Internacional";3
"1470";"Interpretações";3
"1471";"Intitulada";3
"1472";"Intuito";3
"1473";"Ip";3
"1474";"Issoleonardo";3
"1475";"Joanny";3
"1476";"Julho";3
"1477";"Justifica";3
"1478";"Lacunas";3
"1479";"Lançamento";3
"1480";"Legais";3
"1481";"Leva";3
"1482";"Levado";3
"1483";"Limitado";3
"1484";"Localização";3
"1485";"Luciana";3
"1486";"Luz";3
"1487";"Maiores";3
"1488";"Mangote";3
"1489";"Manhã";3
"1490";"Manoel";3
"1491";"Marc";3
"1492";"Maricultores";3
"1493";"Marinas";3
"1494";"Marinho";3
"1495";"Máximo";3
"1496";"Melhora";3
"1497";"Mencionadas";3
"1498";"Mercado";3
"1499";"Mitigadoras";3
"1500";"Momentos";3
"1501";"Municípioslucila";3
"1502";"Nuclear";3
"1503";"Obrigaçãolucila";3
"1504";"Ocorrendo";3
"1505";"Ocupações";3
"1506";"Operar";3
"1507";"Pago";3
"1508";"Palavra";3
"1509";"Parabenizou";3
"1510";"Parceria";3
"1511";"Parou";3
"1512";"Participando";3
"1513";"Participaram";3
"1514";"Participativa";3
"1515";"Participativamente";3
"1516";"Passa";3
"1517";"Passo";3
"1518";"Paula";3
"1519";"Pe";3
"1520";"Pequena";3
"1521";"Perspectiva";3
"1522";"Pescador";3
"1523";"Pesm";3
"1524";"Píer";3
"1525";"Pires";3
"1526";"Polêmicos";3
"1527";"Poluentes";3
"1528";"Pontuou";3
"1529";"Populacional";3
"1530";"Porcentagem";3
"1531";"Positivo";3
"1532";"Possa";3
"1533";"Possibilita";3
"1534";"Possíveis";3
"1535";"Precisamos";3
"1536";"Preocupada";3
"1537";"Preveem";3
"1538";"Prever";3
"1539";"Previsto";3
"1540";"Prioridade";3
"1541";"Produzem";3
"1542";"Profª";3
"1543";"Protocolar";3
"1544";"Publica";3
"1545";"Publicado";3
"1546";"Públicalucila";3
"1547";"Quantas";3
"1548";"Quarta";3
"1549";"Queima";3
"1550";"Questionamentos";3
"1551";"Reconhece";3
"1552";"Referida";3
"1553";"Regiãoleonardo";3
"1554";"Regionalmente";3
"1555";"Regras";3
"1556";"Regulamentações";3
"1557";"Regulamento";3
"1558";"Regularização";3
"1559";"Relevantes";3
"1560";"Reservas";3
"1561";"Resolver";3
"1562";"Restante";3
"1563";"Retomar";3
"1564";"Revisto";3
"1565";"Rj";3
"1566";"Rodovias";3
"1567";"Sai";3
"1568";"Saída";3
"1569";"Saiu";3
"1570";"Semestre";3
"1571";"Sério";3
"1572";"Setoriais";3
"1573";"Simapln";3
"1574";"Simplesmente";3
"1575";"Sistemas";3
"1576";"Situação";3
"1577";"Slide";3
"1578";"Suficiente";3
"1579";"Suficientes";3
"1580";"Sugerido";3
"1581";"Sujeitas";3
"1582";"Sujeito";3
"1583";"Suplente";3
"1584";"Suporte";3
"1585";"Surgência";3
"1586";"Tabela";3
"1587";"Tebig";3
"1588";"Terço";3
"1589";"Terrestre";3
"1590";"Tese";3
"1591";"Título";3
"1592";"Todoslucila";3
"1593";"Tomada";3
"1594";"Trabalhoso";3
"1595";"Trabalhou";3
"1596";"Tratar";3
"1597";"Traz";3
"1598";"Trazendo";3
"1599";"Trecho";3
"1600";"Troca";3
"1601";"Unanimemente";3
"1602";"Urbano";3
"1603";"Utgca";3
"1604";"Útil";3
"1605";"Vagas";3
"1606";"Válvulas";3
"1607";"Vantagem";3
"1608";"Vazamentos";3
"1609";"Verba";3
"1610";"Vieram";3
"1611";"Vigente";3
"1612";"Virão";3
"1613";"Virou";3
"1614";"Voltar";3
"1615";"Xxxiii";3
"1616";"Abertos";2
"1617";"Abordar";2
"1618";"Abordou";2
"1619";"Acatados";2
"1620";"Acatarem";2
"1621";"Aceita";2
"1622";"Aceitar";2
"1623";"Aceitogeraldo";2
"1624";"Acerca";2
"1625";"Acessível";2
"1626";"Acessoobservatóriocarlos";2
"1627";"Acharmos";2
"1628";"Achou";2
"1629";"Acidente";2
"1630";"Acidenteque";2
"1631";"Acompanha";2
"1632";"Acompanhamentocarlos";2
"1633";"Acontecendo";2
"1634";"Acontecerá";2
"1635";"Acordada";2
"1636";"Acreditamos";2
"1637";"Acrescido";2
"1638";"Acumulado";2
"1639";"Acumular";2
"1640";"Adequaçõeslucila";2
"1641";"Adequado";2
"1642";"Adequados";2
"1643";"Adequadoturra";2
"1644";"Adiantou";2
"1645";"Administradores";2
"1646";"Adotada";2
"1647";"Afeta";2
"1648";"Afetado";2
"1649";"Afetar";2
"1650";"Agendas";2
"1651";"Agindo";2
"1652";"Águas";2
"1653";"Aí";2
"1654";"Aichi";2
"1655";"Aimportância";2
"1656";"Ajudar";2
"1657";"Ajudarem";2
"1658";"Ajustamento";2
"1659";"Alcançar";2
"1660";"Alegadas";2
"1661";"Alimenta";2
"1662";"Alimentos";2
"1663";"Alterações";2
"1664";"Ambas";2
"1665";"Ambientaislucila";2
"1666";"Ambientaisturra";2
"1667";"Ambientalcarlos";2
"1668";"Ambientallucila";2
"1669";"Ambientalmente";2
"1670";"Ambos";2
"1671";"Amigos";2
"1672";"Amostragens";2
"1673";"Ampliar";2
"1674";"Amplo";2
"1675";"Analisados";2
"1676";"Anchieta";2
"1677";"Âncoras";2
"1678";"Andando";2
"1679";"Anexo";2
"1680";"Anterior";2
"1681";"Antesleonardo";2
"1682";"Anteslucila";2
"1683";"Antigas";2
"1684";"Antigos";2
"1685";"Antrópica";2
"1686";"Anualmente";2
"1687";"Apamlln";2
"1688";"APAM-LNa";2
"1689";"APAM-LNgeraldo";2
"1690";"APAM-LNthiago";2
"1691";"Apams";2
"1692";"Aplicável";2
"1693";"Apontadas";2
"1694";"Apontamse";2
"1695";"Apontem";2
"1696";"App";2
"1697";"Apreciação";2
"1698";"Aprendizados";2
"1699";"Aprendizagem";2
"1700";"Apresentaçãocláudia";2
"1701";"Apresentadaadriano";2
"1702";"Apresentadaslucila";2
"1703";"Apresentouse";2
"1704";"Apropriação";2
"1705";"Aproximarse";2
"1706";"Araçáturra";2
"1707";"Árealucila";2
"1708";"Áreasricardo";2
"1709";"Áreaturra";2
"1710";"Argonautascarlos";2
"1711";"Argumentação";2
"1712";"Arie";2
"1713";"Armador";2
"1714";"Arquivos";2
"1715";"Arranjo";2
"1716";"Artes";2
"1717";"Artesanal";2
"1718";"Articulação";2
"1719";"Articular";2
"1720";"Árvore";2
"1721";"Árvores";2
"1722";"Aspecto";2
"1723";"Assegurar";2
"1724";"Assinatura";2
"1725";"Associada";2
"1726";"Assuntocarlos";2
"1727";"Assuntolucila";2
"1728";"Atenderá";2
"1729";"Atendida";2
"1730";"Atendidolucila";2
"1731";"Atingirão";2
"1732";"Atmosférica";2
"1733";"Atracados";2
"1734";"Atrai";2
"1735";"Atraso";2
"1736";"Atua";2
"1737";"Atualização";2
"1738";"Aumenta";2
"1739";"Aumentado";2
"1740";"Áurea";2
"1741";"Ausência";2
"1742";"Autoridades";2
"1743";"Auxilia";2
"1744";"Avanços";2
"1745";"Aviação";2
"1746";"Baíageraldo";2
"1747";"Baíaturra";2
"1748";"Bandeira";2
"1749";"Barcos";2
"1750";"Barreira";2
"1751";"Baseado";2
"1752";"Basicamente";2
"1753";"Básicos";2
"1754";"Bens";2
"1755";"Bentônico";2
"1756";"Berçário";2
"1757";"Berenice";2
"1758";"Bertioga";2
"1759";"Bibliográficas";2
"1760";"Biblioteca";2
"1761";"Bioacumulação";2
"1762";"Bioinvasãomarcus";2
"1763";"Biorremediação";2
"1764";"Biota";2
"1765";"Bloquearia";2
"1766";"Bloqueio";2
"1767";"Boas";2
"1768";"Bombarelógio";2
"1769";"Brasileira";2
"1770";"Brecar";2
"1771";"Bunker";2
"1772";"Buscase";2
"1773";"Cabos";2
"1774";"Cadastrar";2
"1775";"Cadastro";2
"1776";"Cadeira";2
"1777";"Café";2
"1778";"Caged";2
"1779";"Cálculogladys";2
"1780";"Califórnia";2
"1781";"Caminhão";2
"1782";"Caminho";2
"1783";"Campanhas";2
"1784";"Canoa";2
"1785";"Capturar";2
"1786";"Caracterizar";2
"1787";"Caráter";2
"1788";"Carioca";2
"1789";"Cascoadriano";2
"1790";"Catalisação";2
"1791";"Catalisada";2
"1792";"Catalisar";2
"1793";"Categoria";2
"1794";"Causa";2
"1795";"Causal";2
"1796";"Cdssadriano";2
"1797";"Cead";2
"1798";"Cebimar";2
"1799";"Cecíliaevaldo";2
"1800";"Células";2
"1801";"Censo";2
"1802";"Centralizados";2
"1803";"Cep";2
"1804";"Certa";2
"1805";"Certidão";2
"1806";"Cessão";2
"1807";"Cgs";2
"1808";"Chamar";2
"1809";"Chamaram";2
"1810";"Chamase";2
"1811";"Chart";2
"1812";"Chegando";2
"1813";"Chegarem";2
"1814";"Chegaremos";2
"1815";"Chegou";2
"1816";"Cia";2
"1817";"Cidades";2
"1818";"Científicos";2
"1819";"Circulação";2
"1820";"Citadas";2
"1821";"Citados";2
"1822";"Citando";2
"1823";"Clara";2
"1824";"Claros";2
"1825";"Claudia";2
"1826";"Clorofila";2
"1827";"Cnpj";2
"1828";"Cnpjs";2
"1829";"Coberto";2
"1830";"Cobrar";2
"1831";"Cobrir";2
"1832";"Codig";2
"1833";"Coincidem";2
"1834";"Colegiado";2
"1835";"Colegiadogladys";2
"1836";"Coletadosturra";2
"1837";"Colocada";2
"1838";"Colocou";2
"1839";"Coluna";2
"1840";"Combinar";2
"1841";"Combustíveis";2
"1842";"Começando";2
"1843";"Começará";2
"1844";"Comemoração";2
"1845";"Comentado";2
"1846";"Comercial";2
"1847";"Comercialmente";2
"1848";"Comercialmenteleonardo";2
"1849";"Comocondicionante";2
"1850";"Comparar";2
"1851";"Compartilhada";2
"1852";"Compartilhem";2
"1853";"Complementada";2
"1854";"Componha";2
"1855";"Comportar";2
"1856";"Composto";2
"1857";"Comprometendo";2
"1858";"Comprometer";2
"1859";"Comunitárias";2
"1860";"Concedido";2
"1861";"Concentra";2
"1862";"Conciliação";2
"1863";"Concluído";2
"1864";"Concordaram";2
"1865";"Concretização";2
"1866";"Conduta";2
"1867";"Conduzidos";2
"1868";"Conforme";2
"1869";"Conjunta";2
"1870";"Conseguiremos";2
"1871";"Conseguiuse";2
"1872";"Conselheiro";2
"1873";"Conselheirosleonardo";2
"1874";"Consideramos";2
"1875";"Consistentes";2
"1876";"Consistia";2
"1877";"Constante";2
"1878";"Constar";2
"1879";"Constatação";2
"1880";"Constatou";2
"1881";"Conste";2
"1882";"Constituição";2
"1883";"Construção";2
"1884";"Construído";2
"1885";"Consultores";2
"1886";"Consultoria";2
"1887";"Contém";2
"1888";"Contempla";2
"1889";"Contemplado";2
"1890";"Contemplar";2
"1891";"Conteúdo";2
"1892";"Conteúdos";2
"1893";"Contextualizar";2
"1894";"Contextualizou";2
"1895";"Continuaria";2
"1896";"Contou";2
"1897";"Contraditórios";2
"1898";"Contratados";2
"1899";"Contratará";2
"1900";"Contribuindo";2
"1901";"Controlar";2
"1902";"Convencimento";2
"1903";"Conversam";2
"1904";"Conversando";2
"1905";"Conversas";2
"1906";"Convidadosricardo";2
"1907";"Conviver";2
"1908";"Convocar";2
"1909";"Cooperação";2
"1910";"Coordenações";2
"1911";"Coordenadoria";2
"1912";"Copiado";2
"1913";"Correto";2
"1914";"Cotidiana";2
"1915";"Cracas";2
"1916";"Créditos";2
"1917";"Crescente";2
"1918";"Criada";2
"1919";"Criadas";2
"1920";"Criando";2
"1921";"Crime";2
"1922";"Criticas";2
"1923";"Críticas";2
"1924";"Cúbicos";2
"1925";"Cuida";2
"1926";"Cumprindo";2
"1927";"Cumulatividadegtlicenciamentolucila";2
"1928";"Cumulativoslucila";2
"1929";"Curva";2
"1930";"Damos";2
"1931";"Danos";2
"1932";"Daquela";2
"1933";"Débora";2
"1934";"Debruçados";2
"1935";"Decepcionada";2
"1936";"Decidindo";2
"1937";"Decidir";2
"1938";"Deciframos";2
"1939";"Declarada";2
"1940";"Decorrentes";2
"1941";"Decretogeorges";2
"1942";"Dedicação";2
"1943";"Dedicando";2
"1944";"Defesa";2
"1945";"Deficiências";2
"1946";"Definida";2
"1947";"Definirmos";2
"1948";"Deixa";2
"1949";"Deliberaçãoapós";2
"1950";"Deliberamos";2
"1951";"Deliberarmos";2
"1952";"Demais";2
"1953";"Demandam";2
"1954";"Demográfico";2
"1955";"Demonstração";2
"1956";"Denise";2
"1957";"Densidade";2
"1958";"Dependerá";2
"1959";"Depuração";2
"1960";"Derivados";2
"1961";"Derrames";2
"1962";"Desaparece";2
"1963";"Descarte";2
"1964";"Desconexa";2
"1965";"Desconsiderados";2
"1966";"Descreve";2
"1967";"Descritivo";2
"1968";"Descrito";2
"1969";"Desdobramentos";2
"1970";"Desestruturandoas";2
"1971";"Desgastante";2
"1972";"Destaca";2
"1973";"Destacados";2
"1974";"Destacou";2
"1975";"Destaque";2
"1976";"Destas";2
"1977";"Destinado";2
"1978";"Detalhes";2
"1979";"Determina";2
"1980";"Determinada";2
"1981";"Devidamente";2
"1982";"Diagnostico";2
"1983";"Diagnósticos";2
"1984";"Diâmetro";2
"1985";"Diariamente";2
"1986";"Diferenciação";2
"1987";"Diferenciada";2
"1988";"Dificuldades";2
"1989";"Digitalizados";2
"1990";"Dimensão";2
"1991";"Dinâmica";2
"1992";"Direção";2
"1993";"Direciona";2
"1994";"Direcionada";2
"1995";"Direcionados";2
"1996";"Direções";2
"1997";"Direito";2
"1998";"Dirimir";2
"1999";"Discorda";2
"2000";"Discussãolucila";2
"2001";"Disponibilizada";2
"2002";"Distante";2
"2003";"Distúrbios";2
"2004";"Dividido";2
"2005";"Divulgar";2
"2006";"Dizendo";2
"2007";"Documentação";2
"2008";"Doença";2
"2009";"Doméstico";2
"2010";"Dominante";2
"2011";"Domínio";2
"2012";"Donos";2
"2013";"Doutorado";2
"2014";"Drive";2
"2015";"Duram";2
"2016";"Durar";2
"2017";"Durará";2
"2018";"Dúvida";2
"2019";"Ecoeco";2
"2020";"Ecológicoeconômico";2
"2021";"Ecossistêmicos";2
"2022";"Edefinirimplementar";2
"2023";"Edilson";2
"2024";"Efluentes";2
"2025";"EIAgeraldo";2
"2026";"EIAlucila";2
"2027";"Eixos";2
"2028";"Elaboraram";2
"2029";"Elencados";2
"2030";"Eletrônico";2
"2031";"Elucidar";2
"2032";"Emails";2
"2033";"Emergênciaslucila";2
"2034";"Emitida";2
"2035";"Emitido";2
"2036";"Emplacar";2
"2037";"Empreendimentoscarlos";2
"2038";"Empurrar";2
"2039";"Encaminhado";2
"2040";"Encaminhamentoslucila";2
"2041";"Encaminhamentosproposta";2
"2042";"Encaminharágilda";2
"2043";"Encaminhe";2
"2044";"Enclave";2
"2045";"Encontro";2
"2046";"Energética";2
"2047";"Englobasse";2
"2048";"Enriquecimento";2
"2049";"Enseada";2
"2050";"Ensino";2
"2051";"Entanto";2
"2052";"Entendeleonardo";2
"2053";"Entendemos";2
"2054";"Entendendo";2
"2055";"Entendeuse";2
"2056";"Entendidos";2
"2057";"Entrasse";2
"2058";"Enviadas";2
"2059";"Enviados";2
"2060";"Enviamos";2
"2061";"Envolve";2
"2062";"Envolvido";2
"2063";"Envolvimento";2
"2064";"Enxuta";2
"2065";"Época";2
"2066";"Equipamentos";2
"2067";"Equivalente";2
"2068";"Equívocos";2
"2069";"Escala";2
"2070";"Esclarecer";2
"2071";"Esclarecida";2
"2072";"Esclarecido";2
"2073";"Esclarecimentos";2
"2074";"Escoado";2
"2075";"Escolhidas";2
"2076";"Escopo";2
"2077";"Escreveu";2
"2078";"Escrita";2
"2079";"Esforços";2
"2080";"Espacial";2
"2081";"Espécie";2
"2082";"Específicas";2
"2083";"Esperase";2
"2084";"Esperávamos";2
"2085";"Esquema";2
"2086";"Essência";2
"2087";"Estaduaisgerhard";2
"2088";"Estadualcarlos";2
"2089";"Estarem";2
"2090";"Esteves";2
"2091";"Estigma";2
"2092";"Estigmalucila";2
"2093";"Estimada";2
"2094";"Etcintervalo";2
"2095";"Evento";2
"2096";"Eventuais";2
"2097";"Evidentes";2
"2098";"Evolução";2
"2099";"Evoluir";2
"2100";"Exatamente";2
"2101";"Excesso";2
"2102";"Exclusiva";2
"2103";"Executivalicenciamento";2
"2104";"Exercitar";2
"2105";"Exigidolucila";2
"2106";"Exigidos";2
"2107";"Exigir";2
"2108";"Existecarlos";2
"2109";"Existir";2
"2110";"Exóticas";2
"2111";"Expedida";2
"2112";"Expedidor";2
"2113";"Experiência";2
"2114";"Explica";2
"2115";"Explicar";2
"2116";"Exploraçãolucila";2
"2117";"Explorar";2
"2118";"Exposta";2
"2119";"Extenso";2
"2120";"Externamente";2
"2121";"Extra";2
"2122";"Extraído";2
"2123";"Extrair";2
"2124";"Facilitar";2
"2125";"Falha";2
"2126";"Falhando";2
"2127";"Faltam";2
"2128";"Fapesp";2
"2129";"Farão";2
"2130";"Favela";2
"2131";"Favorlucila";2
"2132";"Fazêlo";2
"2133";"Fevereiro";2
"2134";"Ffleonardo";2
"2135";"Fflucila";2
"2136";"Ficará";2
"2137";"Ficaram";2
"2138";"Ficasse";2
"2139";"Finais";2
"2140";"Finalidadecarlos";2
"2141";"Finallucila";2
"2142";"Financiamento";2
"2143";"Financiou";2
"2144";"Finos";2
"2145";"Fiscaliza";2
"2146";"Fiscalizarmara";2
"2147";"Fito";2
"2148";"Fixos";2
"2149";"Fizessem";2
"2150";"Flare";2
"2151";"Flip";2
"2152";"Fluido";2
"2153";"Focar";2
"2154";"Fomento";2
"2155";"Formado";2
"2156";"Formal";2
"2157";"Formou";2
"2158";"Fornece";2
"2159";"Fornecem";2
"2160";"Fornecer";2
"2161";"Fornecido";2
"2162";"Fortalecendose";2
"2163";"Fortalecida";2
"2164";"Fortalecidashelena";2
"2165";"Fóruns";2
"2166";"Fpsos";2
"2167";"Franceschinelli";2
"2168";"Frisou";2
"2169";"Frota";2
"2170";"Frutos";2
"2171";"Funcionários";2
"2172";"Funcionem";2
"2173";"Fundamentam";2
"2174";"Fundamentos";2
"2175";"Fundeado";2
"2176";"Fundeios";2
"2177";"Fundiária";2
"2178";"Ganhar";2
"2179";"Ganhos";2
"2180";"Ganhou";2
"2181";"Garantida";2
"2182";"Garantir";2
"2183";"Gásandré";2
"2184";"Gases";2
"2185";"Gasodutos";2
"2186";"Gastos";2
"2187";"Genérica";2
"2188";"Geográfica";2
"2189";"Geoposts";2
"2190";"Geradaleonardo";2
"2191";"Gerado";2
"2192";"Geradora";2
"2193";"Geradoras";2
"2194";"Gercosidnei";2
"2195";"Gestãogladys";2
"2196";"Gostou";2
"2197";"Governador";2
"2198";"Governamentais";2
"2199";"Governo";2
"2200";"Grandecarlos";2
"2201";"Grandeintervalo";2
"2202";"Gratuitas";2
"2203";"Gritantes";2
"2204";"Grossos";2
"2205";"Gsgerco";2
"2206";"Gtlicenciamentocts";2
"2207";"Gtlicenciamentoleonardo";2
"2208";"Gtmaricultura";2
"2209";"Gtslucila";2
"2210";"Hectares";2
"2211";"Hidrodinâmica";2
"2212";"Holandesa";2
"2213";"Httplitoralnortesustentavelorgbragendahtml";2
"2214";"Httpsdocsgooglecompresentationddcnmeylcqazeacmxvaqordmbjctmjmdprvieigpiypresentslideidpb";2
"2215";"Humana";2
"2216";"Humano";2
"2217";"Humberto";2
"2218";"I";2
"2219";"Ibamaquanto";2
"2220";"Ibge";2
"2221";"Idealizado";2
"2222";"Idêntico";2
"2223";"Identificadas";2
"2224";"Identificou";2
"2225";"Ig";2
"2226";"Iguais";2
"2227";"Igualmente";2
"2228";"Iiscarlos";2
"2229";"Ilhabelagilda";2
"2230";"Imediata";2
"2231";"Imediato";2
"2232";"Iminência";2
"2233";"Imoronaldo";2
"2234";"Impactada";2
"2235";"Impactado";2
"2236";"Impactados";2
"2237";"Impactam";2
"2238";"Impactar";2
"2239";"Impactolucila";2
"2240";"Importa";2
"2241";"Importam";2
"2242";"Impuseram";2
"2243";"Inadequada";2
"2244";"Incidem";2
"2245";"Incidentes";2
"2246";"Incluem";2
"2247";"Incluídos";2
"2248";"Incluídoturra";2
"2249";"Incluirmos";2
"2250";"Incorporada";2
"2251";"Incorporadas";2
"2252";"Indagou";2
"2253";"Indicada";2
"2254";"Indicador";2
"2255";"Indicativo";2
"2256";"Indiretamente";2
"2257";"Informa";2
"2258";"Informaçãolucila";2
"2259";"Informaçãothiago";2
"2260";"Informaçõescarlos";2
"2261";"Informado";2
"2262";"Informando";2
"2263";"Informe";2
"2264";"Infraestrutura";2
"2265";"Iniciada";2
"2266";"Iniciais";2
"2267";"Iniciativa";2
"2268";"Injetada";2
"2269";"Inovação";2
"2270";"Inovadora";2
"2271";"Inscrevam";2
"2272";"Inscrições";2
"2273";"Inst";2
"2274";"Instalado";2
"2275";"Instância";2
"2276";"Instâncias";2
"2277";"Institucionallucila";2
"2278";"Institui";2
"2279";"Integrando";2
"2280";"Inteligência";2
"2281";"Intensidade";2
"2282";"Intensidades";2
"2283";"Interações";2
"2284";"Interage";2
"2285";"Interamericano";2
"2286";"Interesselucila";2
"2287";"Interfere";2
"2288";"Interligados";2
"2289";"Intermediária";2
"2290";"Intermediário";2
"2291";"Intermodal";2
"2292";"Interna";2
"2293";"Internacionais";2
"2294";"International";2
"2295";"Interno";2
"2296";"Interpretação";2
"2297";"Intersecção";2
"2298";"Intervenção";2
"2299";"Intervir";2
"2300";"Intitulado";2
"2301";"Invés";2
"2302";"Iria";2
"2303";"Irregulares";2
"2304";"Isenta";2
"2305";"Isoladamente";2
"2306";"Issocarlos";2
"2307";"Its";2
"2308";"Julhoessa";2
"2309";"Juliano";2
"2310";"Jurídica";2
"2311";"Juridicamente";2
"2312";"Justamente";2
"2313";"Justificativa";2
"2314";"Justificativaapós";2
"2315";"Juvenis";2
"2316";"Kmz";2
"2317";"Kump";2
"2318";"Laguna";2
"2319";"Lavando";2
"2320";"Legallucila";2
"2321";"Legalmente";2
"2322";"Legislações";2
"2323";"Legitimidade";2
"2324";"Legitimo";2
"2325";"Legítimohumberto";2
"2326";"Leiam";2
"2327";"Leituralucila";2
"2328";"Leram";2
"2329";"Levantada";2
"2330";"Levantados";2
"2331";"Levantaramse";2
"2332";"Levantou";2
"2333";"Libras";2
"2334";"Licenças";2
"2335";"Licencia";2
"2336";"Licenciadosmarcus";2
"2337";"Licenciálos";2
"2338";"Licenciamentoautorizaçãogeraldo";2
"2339";"Licenciamentojerri";2
"2340";"Licenciamentoronaldo";2
"2341";"Licenciar";2
"2342";"Licenciável";2
"2343";"Lideranças";2
"2344";"Limitados";2
"2345";"Links";2
"2346";"Livre";2
"2347";"Livro";2
"2348";"Lixo";2
"2349";"Lnfernanda";2
"2350";"Lngilda";2
"2351";"Lnricardo";2
"2352";"Lobato";2
"2353";"Localizaremse";2
"2354";"Longe";2
"2355";"Lucrar";2
"2356";"Luiz";2
"2357";"Macaé";2
"2358";"Magnitudes";2
"2359";"Manejoadriano";2
"2360";"Manejoclaudia";2
"2361";"Manejolucila";2
"2362";"Manguezais";2
"2363";"Manifestaçãoronaldo";2
"2364";"Manifestaçõeslucila";2
"2365";"Manifestaram";2
"2366";"Manifesto";2
"2367";"Manter";2
"2368";"Mantidos";2
"2369";"Mapoteca";2
"2370";"Marcação";2
"2371";"Márcio";2
"2372";"Marcus";2
"2373";"Marésturra";2
"2374";"Marin";2
"2375";"Marine";2
"2376";"Marítimas";2
"2377";"Marítimo";2
"2378";"Martitime";2
"2379";"Materiais";2
"2380";"Materializado";2
"2381";"Mathion";2
"2382";"Mecanismos";2
"2383";"Mediante";2
"2384";"Medir";2
"2385";"Mediterrâneo";2
"2386";"Meioadriano";2
"2387";"Melhore";2
"2388";"Melhores";2
"2389";"Mensais";2
"2390";"Mensurado";2
"2391";"Mêscláudia";2
"2392";"Mesmageraldo";2
"2393";"Mesmos";2
"2394";"Método";2
"2395";"Mídia";2
"2396";"Milena";2
"2397";"Mínima";2
"2398";"Mínimos";2
"2399";"Minutosencaminhamentos";2
"2400";"Mitigar";2
"2401";"Mma";2
"2402";"Mobilização";2
"2403";"Mobilizar";2
"2404";"Modelou";2
"2405";"Modificar";2
"2406";"Monitoramentos";2
"2407";"Monitorar";2
"2408";"Monteiro";2
"2409";"Movimento";2
"2410";"Mpa";2
"2411";"Mudou";2
"2412";"Muitoleonardo";2
"2413";"Municípiosricardo";2
"2414";"Nãoleonardo";2
"2415";"Nãoricardo";2
"2416";"Naquele";2
"2417";"Natal";2
"2418";"Navegando";2
"2419";"Naviolucila";2
"2420";"Naviosadriano";2
"2421";"Naviosleonardo";2
"2422";"Naviossargento";2
"2423";"Necessária";2
"2424";"Necessita";2
"2425";"Nectônico";2
"2426";"Neemias";2
"2427";"Negativos";2
"2428";"Negociação";2
"2429";"Nessas";2
"2430";"Nexo";2
"2431";"Nicanor";2
"2432";"Nisso";2
"2433";"Nleonardo";2
"2434";"Noção";2
"2435";"Nome";2
"2436";"Normal";2
"2437";"Normam";2
"2438";"Normasadriano";2
"2439";"Normatizada";2
"2440";"Nove";2
"2441";"Novembroessa";2
"2442";"Novembrolucila";2
"2443";"Novidade";2
"2444";"Novos";2
"2445";"Núcleo";2
"2446";"Numérica";2
"2447";"Nunes";2
"2448";"Obedecer";2
"2449";"Objetos";2
"2450";"Obrigado";2
"2451";"Observa";2
"2452";"Observância";2
"2453";"Observar";2
"2454";"Observatórioagenda";2
"2455";"Observatórioleonardo";2
"2456";"Observatóriolucila";2
"2457";"Observatóriomara";2
"2458";"Oceânico";2
"2459";"Oceanógrafo";2
"2460";"Ocorrerálucila";2
"2461";"Ocupar";2
"2462";"Offloading";2
"2463";"Oficina";2
"2464";"Olhar";2
"2465";"Onerosa";2
"2466";"Oneroso";2
"2467";"Ong";2
"2468";"Opçãoronaldo";2
"2469";"Operacional";2
"2470";"Operem";2
"2471";"Organismoshelena";2
"2472";"Organismosturra";2
"2473";"Organizações";2
"2474";"Organizada";2
"2475";"Organizado";2
"2476";"Organizar";2
"2477";"Organization";2
"2478";"Orientada";2
"2479";"Oriundos";2
"2480";"Otimização";2
"2481";"Otimizar";2
"2482";"Outrasturra";2
"2483";"Pacote";2
"2484";"Pagamento";2
"2485";"Paisagística";2
"2486";"Palpite";2
"2487";"Parâmetros";2
"2488";"Paraná";2
"2489";"Parar";2
"2490";"Parece";2
"2491";"Parques";2
"2492";"Parquesa";2
"2493";"Partem";2
"2494";"Participa";2
"2495";"Participarem";2
"2496";"Participarmara";2
"2497";"Participasselucila";2
"2498";"Participassem";2
"2499";"Participativoturra";2
"2500";"Participou";2
"2501";"Particular";2
"2502";"Particularidades";2
"2503";"Particularmente";2
"2504";"Particulary";2
"2505";"Passaria";2
"2506";"Passível";2
"2507";"Passos";2
"2508";"Pastas";2
"2509";"Patrimônio";2
"2510";"Pautada";2
"2511";"Pea";2
"2512";"Pedido";2
"2513";"Pedirá";2
"2514";"Peia";2
"2515";"Pensado";2
"2516";"Pensando";2
"2517";"Pensouse";2
"2518";"Percalço";2
"2519";"Perceber";2
"2520";"Percebeu";2
"2521";"Percebidas";2
"2522";"Percebidos";2
"2523";"Perda";2
"2524";"Perder";2
"2525";"Perdese";2
"2526";"Perfuração";2
"2527";"Permissão";2
"2528";"Permissionamento";2
"2529";"Permitida";2
"2530";"Permitirá";2
"2531";"Permitisse";2
"2532";"Pertinência";2
"2533";"Pertinentes";2
"2534";"Peso";2
"2535";"Pesqueiro";2
"2536";"Pessoal";2
"2537";"Petrobrásmara";2
"2538";"Piada";2
"2539";"Pilotis";2
"2540";"Pior";2
"2541";"Planctônico";2
"2542";"Planetária";2
"2543";"Plataformaandré";2
"2544";"Plataformalucila";2
"2545";"Plataformaslucila";2
"2546";"Plausível";2
"2547";"Pmma";2
"2548";"Pmp";2
"2549";"Pmpleonardo";2
"2550";"Podemos";2
"2551";"Poderá";2
"2552";"Poderem";2
"2553";"Poliquetas";2
"2554";"Polis";2
"2555";"Póliscarlos";2
"2556";"Pólislucila";2
"2557";"Politica";2
"2558";"Polo";2
"2559";"Polui";2
"2560";"Ponderar";2
"2561";"Pontas";2
"2562";"Pontuado";2
"2563";"Populaçãolucila";2
"2564";"Póssal";2
"2565";"Possamos";2
"2566";"Possibilitando";2
"2567";"Possibilitaria";2
"2568";"Postar";2
"2569";"Postarem";2
"2570";"Posterior";2
"2571";"Pouca";2
"2572";"Poucoturra";2
"2573";"Prática";2
"2574";"Praticamente";2
"2575";"Prazos";2
"2576";"Pré";2
"2577";"Préancoragem";2
"2578";"Predominam";2
"2579";"Predominância";2
"2580";"Prefeiturasricardo";2
"2581";"Preferencialmente";2
"2582";"Prejuízo";2
"2583";"Preocupações";2
"2584";"Prerrogativa";2
"2585";"Pré-Salleonardo";2
"2586";"Pré-Sallucila";2
"2587";"Presenteslucila";2
"2588";"Presta";2
"2589";"Prestados";2
"2590";"Pretéritos";2
"2591";"Prevejam";2
"2592";"Prevenção";2
"2593";"Prévialeonardo";2
"2594";"Prevista";2
"2595";"Previstas";2
"2596";"Prézoneamento";2
"2597";"Prima";2
"2598";"Princípios";2
"2599";"Prioridades";2
"2600";"Prioritariamente";2
"2601";"Priscila";2
"2602";"Privada";2
"2603";"Probabilidade";2
"2604";"Problemática";2
"2605";"Processorodrigo";2
"2606";"Produtivoturra";2
"2607";"Produtor";2
"2608";"Produzidas";2
"2609";"Profundas";2
"2610";"Programaleonardo";2
"2611";"Promover";2
"2612";"Pronto";2
"2613";"Propõe";2
"2614";"Propondo";2
"2615";"Proporcionará";2
"2616";"Próprias";2
"2617";"Protegida";2
"2618";"Provar";2
"2619";"Pssa";2
"2620";"Publicação";2
"2621";"Publicas";2
"2622";"Publico";2
"2623";"Públicoleonardo";2
"2624";"Públicos";2
"2625";"Quaisquer";2
"2626";"Queda";2
"2627";"Queimado";2
"2628";"Queo";2
"2629";"Queremos";2
"2630";"Questãofernanda";2
"2631";"Questionado";2
"2632";"Questõeslucila";2
"2633";"Quilômetros";2
"2634";"Quinze";2
"2635";"Quiserem";2
"2636";"Range";2
"2637";"Raras";2
"2638";"Razoáveis";2
"2639";"Readequação";2
"2640";"Real";2
"2641";"Realidade";2
"2642";"Realiza";2
"2643";"Realizados";2
"2644";"Realizam";2
"2645";"Realizando";2
"2646";"Realizará";2
"2647";"Realnortegooglegroupscom";2
"2648";"Realnorteorgbrgmailcomcarlos";2
"2649";"Realnortesubscribegooglegroupscomlucila";2
"2650";"Reanalisamos";2
"2651";"Reanálise";2
"2652";"Reativado";2
"2653";"Receberdiagnóstico";2
"2654";"Receita";2
"2655";"Receptor";2
"2656";"Reclamação";2
"2657";"Reclamando";2
"2658";"Recreio";2
"2659";"Recuo";2
"2660";"Recuperação";2
"2661";"Reduzida";2
"2662";"Reduzindo";2
"2663";"Reencaminhados";2
"2664";"Reestruturação";2
"2665";"Refazer";2
"2666";"Refeitolucila";2
"2667";"Referem";2
"2668";"Referendada";2
"2669";"Referentes";2
"2670";"Refinarias";2
"2671";"Reflete";2
"2672";"Reflexão";2
"2673";"Regeneração";2
"2674";"Regiõeslucila";2
"2675";"Regionaislucila";2
"2676";"Registradas";2
"2677";"Regramentos";2
"2678";"Regula";2
"2679";"Regulamenta";2
"2680";"Regulamentação";2
"2681";"Regular";2
"2682";"Regulase";2
"2683";"Reis";2
"2684";"Reivindicado";2
"2685";"Relacionado";2
"2686";"Relatado";2
"2687";"Relativa";2
"2688";"Relatórios";2
"2689";"Relaxados";2
"2690";"Relevância";2
"2691";"Relevante";2
"2692";"Remanescentes";2
"2693";"Renda";2
"2694";"Renovação";2
"2695";"Repassada";2
"2696";"Representações";2
"2697";"Representativocarlos";2
"2698";"Representativos";2
"2699";"Reprovado";2
"2700";"Repsol";2
"2701";"Resgate";2
"2702";"Residente";2
"2703";"Resíduo";2
"2704";"Resolvemos";2
"2705";"Respectivas";2
"2706";"Responderam";2
"2707";"Responsabilidades";2
"2708";"Responsabilização";2
"2709";"Responsabilizada";2
"2710";"Responsabilizar";2
"2711";"Responsáveis";2
"2712";"Respostaluciana";2
"2713";"Ressalta";2
"2714";"Ressaltouque";2
"2715";"Restrito";2
"2716";"Resultou";2
"2717";"Resumo";2
"2718";"Retardar";2
"2719";"Retiradas";2
"2720";"Retirou";2
"2721";"Retratado";2
"2722";"Reunidos";2
"2723";"Reuniõeslucila";2
"2724";"Revela";2
"2725";"Revendo";2
"2726";"Revizee";2
"2727";"Rica";2
"2728";"Ricardo";2
"2729";"Rico";2
"2730";"Riscomarcus";2
"2731";"Roberto";2
"2732";"Robustosricardo";2
"2733";"Rochas";2
"2734";"Rodoviário";2
"2735";"Ronaldo";2
"2736";"Rppns";2
"2737";"Ruído";2
"2738";"Rumos";2
"2739";"Sabem";2
"2740";"Sábia";2
"2741";"Saco";2
"2742";"Salvaguarda";2
"2743";"Santista";2
"2744";"Santoslucila";2
"2745";"Satisfeito";2
"2746";"Saúde";2
"2747";"Sea";2
"2748";"Sebastiãoadriano";2
"2749";"Sebastiãocarlos";2
"2750";"Secretariaexecutiva";2
"2751";"Secretáriosexecutivos";2
"2752";"Secundários";2
"2753";"Sedimentar";2
"2754";"Sedimento";2
"2755";"Segmento";2
"2756";"Segue";2
"2757";"Seguinte";2
"2758";"Seguirá";2
"2759";"Segundafeira";2
"2760";"Segundafeiraneste";2
"2761";"Seis";2
"2762";"Sejamabordados";2
"2763";"Seladora";2
"2764";"Semelhante";2
"2765";"Semestral";2
"2766";"Sensata";2
"2767";"Sensitive";2
"2768";"Sensível";2
"2769";"Sente";2
"2770";"Sentidoadriano";2
"2771";"Sentimental";2
"2772";"Sequestro";2
"2773";"Sergipe";2
"2774";"Setorialmente";2
"2775";"Sexta";2
"2776";"Sido";2
"2777";"Siga";2
"2778";"Sigaplucila";2
"2779";"Sigaprodrigo";2
"2780";"Significa";2
"2781";"Significando";2
"2782";"Significativamente";2
"2783";"Significativo";2
"2784";"Silva";2
"2785";"Simlucila";2
"2786";"Sinergia";2
"2787";"Síntese";2
"2788";"Sistematurra";2
"2789";"Sistêmicos";2
"2790";"Sitegerhard";2
"2791";"Sites";2
"2792";"Sma";2
"2793";"Sob";2
"2794";"Socioeconômica";2
"2795";"Sociológico";2
"2796";"Solicitantequanto";2
"2797";"Solicitará";2
"2798";"Sólidos";2
"2799";"Solúveis";2
"2800";"Somar";2
"2801";"Sombreamento";2
"2802";"Sos";2
"2803";"Spa";2
"2804";"Subestimados";2
"2805";"Subsidiaram";2
"2806";"Subsidiarnoslucila";2
"2807";"Subsite";2
"2808";"Subtropical";2
"2809";"Sudoeste";2
"2810";"Suécia";2
"2811";"Suficientelucila";2
"2812";"Suficienteronaldo";2
"2813";"Superfície";2
"2814";"Suprimida";2
"2815";"Suprir";2
"2816";"Surgiram";2
"2817";"Surgiu";2
"2818";"Suspensa";2
"2819";"Suspenso";2
"2820";"Sustentáveis";2
"2821";"Tac";2
"2822";"Talem";2
"2823";"Tamar";2
"2824";"Tambémadriano";2
"2825";"Tarefalucila";2
"2826";"Tecnicamente";2
"2827";"Técnicascts";2
"2828";"Telefonefax";2
"2829";"Têm";2
"2830";"Temaricardo";2
"2831";"Temática";2
"2832";"Temáticas";2
"2833";"Tempestades";2
"2834";"Temporais";2
"2835";"Tentado";2
"2836";"Tentará";2
"2837";"Tentativa";2
"2838";"Tentou";2
"2839";"Teoria";2
"2840";"Terminal";2
"2841";"Terra";2
"2842";"Terrestres";2
"2843";"Territorial";2
"2844";"Territóriocarlos";2
"2845";"Thais";2
"2846";"Thaís";2
"2847";"Thiago";2
"2848";"Tie";2
"2849";"Tijuca";2
"2850";"Todosdevolutiva";2
"2851";"Tomar";2
"2852";"Toneladas";2
"2853";"Tópicos";2
"2854";"Toque";2
"2855";"Tornandose";2
"2856";"Totalizar";2
"2857";"Touch";2
"2858";"Tr";2
"2859";"Trabalhos";2
"2860";"Trajeto";2
"2861";"Transferência";2
"2862";"Transparente";2
"2863";"Transportados";2
"2864";"Transportam";2
"2865";"Tratada";2
"2866";"Tratadas";2
"2867";"Tratado";2
"2868";"Tratando";2
"2869";"Tratativas";2
"2870";"Tribunal";2
"2871";"Tripulantes";2
"2872";"Tróficas";2
"2873";"Tupi";2
"2874";"Tupinambáslucila";2
"2875";"Turística";2
"2876";"Ucrodrigo";2
"2877";"UCSrodrigo";2
"2878";"Ucturra";2
"2879";"Unicamp";2
"2880";"Unirse";2
"2881";"Universo";2
"2882";"Uns";2
"2883";"Update";2
"2884";"Urbana";2
"2885";"Urbanística";2
"2886";"Urgência";2
"2887";"Urgente";2
"2888";"Usando";2
"2889";"Utiliza";2
"2890";"Utilizados";2
"2891";"Utilizarão";2
"2892";"Utilizou";2
"2893";"Vale";2
"2894";"Validação";2
"2895";"Válido";2
"2896";"Varia";2
"2897";"Variam";2
"2898";"Variável";2
"2899";"Variedade";2
"2900";"Vê";2
"2901";"Vegetação";2
"2902";"Veículos";2
"2903";"Vêleonardo";2
"2904";"Velocidademarcus";2
"2905";"Vemos";2
"2906";"Venezuela";2
"2907";"Vento";2
"2908";"Versa";2
"2909";"Vi";2
"2910";"Victor";2
"2911";"Vinculada";2
"2912";"Vinculadaleonardo";2
"2913";"Vincular";2
"2914";"Vira";2
"2915";"Virará";2
"2916";"Visando";2
"2917";"Visitava";2
"2918";"Visualização";2
"2919";"Viu";2
"2920";"Vivos";2
"2921";"Voga";2
"2922";"Voluntáriosricardo";2
"2923";"Workshops";2
"2924";"Wwwlitoralnortesustentavelcombr";2
"2925";"Xx";2
"2926";"Xxix";2
"2927";"Xxxv";2
"2928";"Xxxviii";2
"2929";"Zas";2
"2930";"Abaixo";1
"2931";"Abastecer";1
"2932";"Abertura";1
"2933";"Abordada";1
"2934";"Abordados";1
"2935";"Abordadosquanto";1
"2936";"Abordagens";1
"2937";"Abrangidos";1
"2938";"Abre";1
"2939";"Abrildevolutiva";1
"2940";"Abrilessa";1
"2941";"Abstençãoinformeslucila";1
"2942";"Acabar";1
"2943";"Acabou";1
"2944";"Acadêmicos";1
"2945";"Aceitando";1
"2946";"Aceitávelandré";1
"2947";"Aceitohelena";1
"2948";"Aceso";1
"2949";"Acessálos";1
"2950";"Acessálosthiago";1
"2951";"Acessos";1
"2952";"Achava";1
"2953";"Acionados";1
"2954";"Acionálas";1
"2955";"Acionar";1
"2956";"Aconselhamento";1
"2957";"Aconselhar";1
"2958";"Acontecerleonardo";1
"2959";"Acordolucila";1
"2960";"Acostumada";1
"2961";"Acústico";1
"2962";"Adendo";1
"2963";"Adequação";1
"2964";"Adiada";1
"2965";"Adiadas";1
"2966";"Adianta";1
"2967";"Administrativa";1
"2968";"Adoção";1
"2969";"Adotado";1
"2970";"Adotados";1
"2971";"Aeaa";1
"2972";"Aeronáutica";1
"2973";"Afastado";1
"2974";"Afastou";1
"2975";"Afetados";1
"2976";"Afetam";1
"2977";"Afetem";1
"2978";"Aflição";1
"2979";"Agência";1
"2980";"Agir";1
"2981";"Agoraleonardo";1
"2982";"Agrônomo";1
"2983";"Agrupálos";1
"2984";"Aiscapitão";1
"2985";"Ajudando";1
"2986";"Ajudasmemórias";1
"2987";"Ajudou";1
"2988";"Ajuste";1
"2989";"Alcançáveis";1
"2990";"Alcance";1
"2991";"Alegou";1
"2992";"Alertar";1
"2993";"Alexandre";1
"2994";"Alfredo";1
"2995";"Alimentam";1
"2996";"Alinhados";1
"2997";"Aliviadorescapitão";1
"2998";"Alta";1
"2999";"Altera";1
"3000";"Alteraçõesintervalo";1
"3001";"Alteradas";1
"3002";"Alterar";1
"3003";"Altíssima";1
"3004";"Altíssimos";1
"3005";"Amadoralucila";1
"3006";"Amarras";1
"3007";"Ambientalleonardo";1
"3008";"Ambientalpedro";1
"3009";"Ambiented";1
"3010";"Amortecimento";1
"3011";"Amostral";1
"3012";"Amplie";1
"3013";"Analisadas";1
"3014";"Analisam";1
"3015";"Analise";1
"3016";"Análiselucila";1
"3017";"Analisem";1
"3018";"Analistas";1
"3019";"Ancoragem";1
"3020";"And";1
"3021";"Anexadaa";1
"3022";"Anotaram";1
"3023";"Antecipação";1
"3024";"Antecipada";1
"3025";"Antecipando";1
"3026";"Anteriormentegeraldo";1
"3027";"Antieconômico";1
"3028";"Aonde";1
"3029";"Apaga";1
"3030";"Apagará";1
"3031";"Apamarinhalngmailcomwwwfflorestalspgovbra";1
"3032";"Apamarinhalngmailcomwwwfflorestalspgovbrc";1
"3033";"Aparecem";1
"3034";"Aparticipação";1
"3035";"Aplacar";1
"3036";"Aplaudiu";1
"3037";"Aplica";1
"3038";"Aplicada";1
"3039";"Apontando";1
"3040";"Apps";1
"3041";"Aprendemlucila";1
"3042";"Aprenderam";1
"3043";"Aprendeu";1
"3044";"Aprendizado";1
"3045";"Apresentaçãoapresentação";1
"3046";"Apresentaçãolucila";1
"3047";"Apresentasse";1
"3048";"Apresentassem";1
"3049";"Apressar";1
"3050";"Aprisionado";1
"3051";"Apropriam";1
"3052";"Aprovações";1
"3053";"Aprovados";1
"3054";"Aproximada";1
"3055";"Aproximadamente";1
"3056";"Aproximam";1
"3057";"Àquela";1
"3058";"Aquicultura";1
"3059";"Aquíferos";1
"3060";"Aquisição";1
"3061";"Árearodrigo";1
"3062";"Areia";1
"3063";"Arenito";1
"3064";"Armazenar";1
"3065";"Arqueológico";1
"3066";"Arrastam";1
"3067";"Arrecadação";1
"3068";"Arrecadado";1
"3069";"Artigos";1
"3070";"Artístico";1
"3071";"Asma";1
"3072";"Assegurou";1
"3073";"Assimilar";1
"3074";"Assinado";1
"3075";"Associados";1
"3076";"Assumidas";1
"3077";"Atendêlo";1
"3078";"Atendia";1
"3079";"Atendidas";1
"3080";"Atendidascomandante";1
"3081";"Atentar";1
"3082";"Atento";1
"3083";"Aterro";1
"3084";"Aterroronaldo";1
"3085";"Atingidas";1
"3086";"Atingido";1
"3087";"Atingíveis";1
"3088";"Atlânticamarcos";1
"3089";"Atlânticavinicius";1
"3090";"Atracando";1
"3091";"Atraídas";1
"3092";"Atrasa";1
"3093";"Atrasadas";1
"3094";"Atrasadosluciana";1
"3095";"Atravessamgeorges";1
"3096";"Atribuição";1
"3097";"Atributos";1
"3098";"Atributoschave";1
"3099";"Atuações";1
"3100";"Atualizando";1
"3101";"Audiêncialucila";1
"3102";"Aumentadagilda";1
"3103";"Autor";1
"3104";"Autores";1
"3105";"Autoridade";1
"3106";"Auxiliares";1
"3107";"Av";1
"3108";"Avaliada";1
"3109";"Avaliado";1
"3110";"Avaliálo";1
"3111";"Averiguar";1
"3112";"Avisálos";1
"3113";"Aviso";1
"3114";"Azul";1
"3115";"Bahia";1
"3116";"Baixar";1
"3117";"Baixo";1
"3118";"Bancar";1
"3119";"Barreiras";1
"3120";"Básico";1
"3121";"Batalhando";1
"3122";"Bebergilda";1
"3123";"Beirando";1
"3124";"Belo";1
"3125";"Beneficiamento";1
"3126";"Benefício";1
"3127";"Beta";1
"3128";"Beto";1
"3129";"Bibliográficopaula";1
"3130";"Bid";1
"3131";"Bidplano";1
"3132";"Bilhão";1
"3133";"Biocombustíveis";1
"3134";"Bioma";1
"3135";"Biosfera";1
"3136";"Bióticocláudio";1
"3137";"Bitola";1
"3138";"Bloco";1
"3139";"Blocos";1
"3140";"Boageraldo";1
"3141";"Bolinhas";1
"3142";"Bombas";1
"3143";"Bombeada";1
"3144";"Bras";1
"3145";"Brasileiro";1
"3146";"Brecaram";1
"3147";"Brevemente";1
"3148";"Broca";1
"3149";"Bruta";1
"3150";"Bruto";1
"3151";"Buraco";1
"3152";"Buracoandré";1
"3153";"Buscar";1
"3154";"Cabe";1
"3155";"Cabeça";1
"3156";"Caçando";1
"3157";"Cadastra";1
"3158";"Cadastradas";1
"3159";"Cadeia";1
"3160";"Caetano";1
"3161";"Cálculo";1
"3162";"Calendário";1
"3163";"Camarão";1
"3164";"Caminhõespipa";1
"3165";"Campinho";1
"3166";"Capaz";1
"3167";"Capitalização";1
"3168";"Capitania";1
"3169";"Capta";1
"3170";"Captação";1
"3171";"Captações";1
"3172";"Car";1
"3173";"Característica";1
"3174";"Caracteriza";1
"3175";"Caracterizando";1
"3176";"Caraguatatubasidnei";1
"3177";"Caraguatatubataubaté";1
"3178";"Carbonomarcos";1
"3179";"Carga";1
"3180";"Cargogeorges";1
"3181";"Carlota";1
"3182";"Carnaval";1
"3183";"Carnavalquanto";1
"3184";"Caros";1
"3185";"Carregado";1
"3186";"Carregados";1
"3187";"Carteira";1
"3188";"Cartório";1
"3189";"Casas";1
"3190";"Categorizados";1
"3191";"Catenária";1
"3192";"Causaefeito";1
"3193";"Causam";1
"3194";"Causarão";1
"3195";"Cbh";1
"3196";"Ccrodrigo";1
"3197";"Cedeu";1
"3198";"Centenas";1
"3199";"Centrifugação";1
"3200";"Certeza";1
"3201";"Certificação";1
"3202";"Cfasma";1
"3203";"Cgcláudio";1
"3204";"Chamasse";1
"3205";"Chance";1
"3206";"Chefe";1
"3207";"Cheferodrigo";1
"3208";"Chegado";1
"3209";"Chegadoleonardo";1
"3210";"Chegaram";1
"3211";"Chegava";1
"3212";"Chegouse";1
"3213";"Chuvas";1
"3214";"Ciência";1
"3215";"Científicas";1
"3216";"Citada";1
"3217";"Civillucila";1
"3218";"Classificada";1
"3219";"Cobrada";1
"3220";"Cobrançacapitão";1
"3221";"Cobria";1
"3222";"Cocanha";1
"3223";"Coincide";1
"3224";"Coincidiram";1
"3225";"Coisaleonardo";1
"3226";"Colaboradoresdevolutiva";1
"3227";"Coloca";1
"3228";"Colocação";1
"3229";"Colocados";1
"3230";"Colocadoslucila";1
"3231";"Colocando";1
"3232";"Comdurlucila";1
"3233";"Começa";1
"3234";"Começou";1
"3235";"Comentar";1
"3236";"Comercialidade";1
"3237";"Comercializadoandré";1
"3238";"Comercializar";1
"3239";"Comissão";1
"3240";"Comissionamento";1
"3241";"Comoa";1
"3242";"Companhia";1
"3243";"Comparadosandré";1
"3244";"Comparativo";1
"3245";"Comparecerlucila";1
"3246";"Compareceu";1
"3247";"Compareceumaria";1
"3248";"Compensa";1
"3249";"Compensar";1
"3250";"Compense";1
"3251";"Competências";1
"3252";"Complementar";1
"3253";"Complementares";1
"3254";"Complexa";1
"3255";"Complexos";1
"3256";"Complica";1
"3257";"Complicada";1
"3258";"Complicadas";1
"3259";"Complicados";1
"3260";"Composta";1
"3261";"Compra";1
"3262";"Compraram";1
"3263";"Comprimido";1
"3264";"Comprometimento";1
"3265";"Comprovar";1
"3266";"Comum";1
"3267";"Comunicase";1
"3268";"Comunicou";1
"3269";"Comunidadeslucila";1
"3270";"Concedida";1
"3271";"Concessionária";1
"3272";"Concluem";1
"3273";"Concordoutenente";1
"3274";"Concorrente";1
"3275";"Condephaat";1
"3276";"Condephaatrodrigo";1
"3277";"Condiciona";1
"3278";"Condicionado";1
"3279";"Condução";1
"3280";"Conferir";1
"3281";"Confiabilidade";1
"3282";"Confiabilidadeclaudio";1
"3283";"Configuração";1
"3284";"Configurações";1
"3285";"Confortáveis";1
"3286";"Conforto";1
"3287";"Confronto";1
"3288";"Conhecem";1
"3289";"Conheceu";1
"3290";"Conhecido";1
"3291";"Conhecimentos";1
"3292";"Conselheirosbeatriz";1
"3293";"Conselheirosdeliberação";1
"3294";"Consemalucila";1
"3295";"Conservaçãoandré";1
"3296";"Considerandose";1
"3297";"Considerava";1
"3298";"Consiga";1
"3299";"Consistente";1
"3300";"Consolidarem";1
"3301";"Constava";1
"3302";"Constituindo";1
"3303";"Construída";1
"3304";"Construídos";1
"3305";"Consultados";1
"3306";"Consumido";1
"3307";"Consumogeraldo";1
"3308";"Contaminantes";1
"3309";"Contêm";1
"3310";"Conter";1
"3311";"Contestado";1
"3312";"Continente";1
"3313";"Continentes";1
"3314";"Continha";1
"3315";"Continuam";1
"3316";"Continuase";1
"3317";"Contínuothiago";1
"3318";"Contiver";1
"3319";"Contornos";1
"3320";"Contrabordo";1
"3321";"Contradizem";1
"3322";"Contrária";1
"3323";"Contrários";1
"3324";"Contratada";1
"3325";"Contratado";1
"3326";"Contratadoluciana";1
"3327";"Contribuiçõesrua";1
"3328";"Controlelucila";1
"3329";"Controversos";1
"3330";"Convenções";1
"3331";"Conversamos";1
"3332";"Converse";1
"3333";"Conversou";1
"3334";"Convertida";1
"3335";"Convidado";1
"3336";"Coordenado";1
"3337";"Coordenadora";1
"3338";"Coordenando";1
"3339";"Cor";1
"3340";"Cores";1
"3341";"Correções";1
"3342";"Corredores";1
"3343";"Correlação";1
"3344";"Correlações";1
"3345";"Corresponde";1
"3346";"Corresponsável";1
"3347";"Corretoexcluírem";1
"3348";"Corrigida";1
"3349";"Corrosão";1
"3350";"Cortando";1
"3351";"Corte";1
"3352";"Costume";1
"3353";"Cravação";1
"3354";"Cria";1
"3355";"Criaçãodevolutiva";1
"3356";"Crise";1
"3357";"Critica";1
"3358";"Criticando";1
"3359";"Criticou";1
"3360";"Cruzará";1
"3361";"Cruzeiros";1
"3362";"CTsgts";1
"3363";"Cujos";1
"3364";"Culpa";1
"3365";"Cultivos";1
"3366";"Cumprido";1
"3367";"Currículo";1
"3368";"Curvas";1
"3369";"Custa";1
"3370";"Custam";1
"3371";"Custo";1
"3372";"Custos";1
"3373";"D";1
"3374";"Dada";1
"3375";"Dado";1
"3376";"Dadosthiago";1
"3377";"Daquele";1
"3378";"Dará";1
"3379";"Daria";1
"3380";"Debaixo";1
"3381";"Decide";1
"3382";"Decidido";1
"3383";"Decididos";1
"3384";"Decidiuronaldo";1
"3385";"Decidiuse";1
"3386";"Declínio";1
"3387";"Decretorodrigo";1
"3388";"Dedicados";1
"3389";"Dedicar";1
"3390";"Defasados";1
"3391";"Definidas";1
"3392";"Definirrodrigo";1
"3393";"Definitivolucila";1
"3394";"Deixada";1
"3395";"Deixado";1
"3396";"Deixados";1
"3397";"Deixaram";1
"3398";"Delegado";1
"3399";"Delesandré";1
"3400";"Deliberadas";1
"3401";"Deliberados";1
"3402";"Deliberála";1
"3403";"Deliberativo";1
"3404";"Delicada";1
"3405";"Delimitadas";1
"3406";"Demandar";1
"3407";"Demandasleonardo";1
"3408";"Demografia";1
"3409";"Demoram";1
"3410";"Demorandose";1
"3411";"Densa";1
"3412";"Densidades";1
"3413";"Dentre";1
"3414";"Dependência";1
"3415";"Depósito";1
"3416";"Derivado";1
"3417";"Desacordo";1
"3418";"Desanimar";1
"3419";"Desçam";1
"3420";"Descarrega";1
"3421";"Descartada";1
"3422";"Descompasso";1
"3423";"Desconfianças";1
"3424";"Desculpas";1
"3425";"Desejadacapitão";1
"3426";"Desembarca";1
"3427";"Desempregadas";1
"3428";"Desemprego";1
"3429";"Desenho";1
"3430";"Desenvolve";1
"3431";"Desenvolvendo";1
"3432";"Desenvolveu";1
"3433";"Desenvolvidos";1
"3434";"Designação";1
"3435";"Desligadas";1
"3436";"Desligar";1
"3437";"Desmatada";1
"3438";"Desmatamento";1
"3439";"Desmontado";1
"3440";"Desmontar";1
"3441";"Desmotivação";1
"3442";"Desmotivar";1
"3443";"Destinação";1
"3444";"Destruir";1
"3445";"Detalhadamente";1
"3446";"Detalhadapedro";1
"3447";"Detalhadas";1
"3448";"Detalhado";1
"3449";"Diaandré";1
"3450";"Diagrama";1
"3451";"Dialogar";1
"3452";"Diapaula";1
"3453";"Diaslucila";1
"3454";"Diferenças";1
"3455";"Diferenciado";1
"3456";"Diferenciados";1
"3457";"Diferentesandré";1
"3458";"Diferentesevandro";1
"3459";"Difusas";1
"3460";"Digital";1
"3461";"Diminuição";1
"3462";"Dinâmico";1
"3463";"Dione";1
"3464";"Direçãocarlos";1
"3465";"Direitosidnei";1
"3466";"Dirigentes";1
"3467";"Dirigia";1
"3468";"Disciplina";1
"3469";"Discordâncias";1
"3470";"Discutidoronaldo";1
"3471";"Disposiçãocarlos";1
"3472";"Dispositivos";1
"3473";"Distância";1
"3474";"Distribui";1
"3475";"Dividiram";1
"3476";"Divisão";1
"3477";"Divulguemlucila";1
"3478";"Dobrem";1
"3479";"Documentoclaudio";1
"3480";"Doempreendedor";1
"3481";"Dólares";1
"3482";"Dólaresco";1
"3483";"Dólaresgeraldo";1
"3484";"Domexilhão";1
"3485";"Domina";1
"3486";"Down";1
"3487";"Drenagem";1
"3488";"Driblem";1
"3489";"Dshv";1
"3490";"DTpriscila";1
"3491";"Duplicou";1
"3492";"Dura";1
"3493";"Duradouras";1
"3494";"Dure";1
"3495";"Dúvidasmaurici";1
"3496";"Ealucila";1
"3497";"Ecologia";1
"3498";"Ecológicame";1
"3499";"Ecológicoa";1
"3500";"Ecoverão";1
"3501";"Efetivo";1
"3502";"Eficientes";1
"3503";"Eis";1
"3504";"Elaboradosclaudio";1
"3505";"Elemento";1
"3506";"Elencar";1
"3507";"Elétrica";1
"3508";"Eletrostático";1
"3509";"Elevação";1
"3510";"Elevar";1
"3511";"Emalhe";1
"3512";"Embarcados";1
"3513";"Emissários";1
"3514";"Emissor";1
"3515";"Empreendedora";1
"3516";"Empreendedores";1
"3517";"Empreendimentoandré";1
"3518";"Empreendimentolucila";1
"3519";"Empreendimentorodrigo";1
"3520";"Empreendimentosmarcus";1
"3521";"Empregam";1
"3522";"Emprego";1
"3523";"Empresaandré";1
"3524";"Empurrando";1
"3525";"Emulsãoandré";1
"3526";"Encaminha";1
"3527";"Encaminhamentosalgumas";1
"3528";"Encaminharapamln";1
"3529";"Encarecer";1
"3530";"Encomenda";1
"3531";"Encontrado";1
"3532";"Encontram";1
"3533";"Encontrou";1
"3534";"Enfraquece";1
"3535";"Enfrentada";1
"3536";"Engano";1
"3537";"Engenharia";1
"3538";"Engenheira";1
"3539";"Engenheiro";1
"3540";"Engessada";1
"3541";"Enquadra";1
"3542";"Entãoluciana";1
"3543";"Entendimentogeraldo";1
"3544";"Entendimentos";1
"3545";"Entes";1
"3546";"Entornolucila";1
"3547";"Entrar";1
"3548";"Entrarão";1
"3549";"Entraves";1
"3550";"Entregue";1
"3551";"Entrevistou";1
"3552";"Entrevistoumarcos";1
"3553";"Envelopado";1
"3554";"Enviálas";1
"3555";"Enviaram";1
"3556";"Enviarem";1
"3557";"Envio";1
"3558";"Envolvidos";1
"3559";"Enxergajosé";1
"3560";"Eou";1
"3561";"Epr";1
"3562";"Equidistante";1
"3563";"Equipamentolucila";1
"3564";"Er";1
"3565";"Erradas";1
"3566";"Errado";1
"3567";"Errosronaldo";1
"3568";"Errosthiago";1
"3569";"Esboço";1
"3570";"Escolhido";1
"3571";"Esferas";1
"3572";"Esgotoleonardo";1
"3573";"Espaciais";1
"3574";"Espaços";1
"3575";"Espalhadas";1
"3576";"Especialistas";1
"3577";"Específicos";1
"3578";"Espelhados";1
"3579";"Esperar";1
"3580";"Esperelucila";1
"3581";"Espírito";1
"3582";"Estabelece";1
"3583";"Estabelecerem";1
"3584";"Estabelecida";1
"3585";"Estabelecidas";1
"3586";"Estadoa";1
"3587";"Estadorodrigo";1
"3588";"Estados";1
"3589";"Estadosmembros";1
"3590";"Estágios";1
"3591";"Estancado";1
"3592";"Estaria";1
"3593";"Estariam";1
"3594";"Estatísticas";1
"3595";"Esteira";1
"3596";"Estimativas";1
"3597";"Estoura";1
"3598";"Estrangulamentos";1
"3599";"Estranho";1
"3600";"Estratégiageraldo";1
"3601";"Estratégicaleonardo";1
"3602";"Estruturando";1
"3603";"Estruturas";1
"3604";"Estudados";1
"3605";"Etcmarcos";1
"3606";"Etcmarcus";1
"3607";"Evandro";1
"3608";"Eventualmente";1
"3609";"Exata";1
"3610";"Exaustivamente";1
"3611";"Excelentes";1
"3612";"Excluída";1
"3613";"Excluídaessa";1
"3614";"Excluídas";1
"3615";"Excluíram";1
"3616";"Exclusivo";1
"3617";"Exemplolucila";1
"3618";"Exibiu";1
"3619";"Exige";1
"3620";"Exigiu";1
"3621";"Existindo";1
"3622";"Experiências";1
"3623";"Explicouque";1
"3624";"Explorada";1
"3625";"Exploratória";1
"3626";"Expondo";1
"3627";"Expressamente";1
"3628";"Expressivo";1
"3629";"Extensão";1
"3630";"Extensas";1
"3631";"Exteriorsidnei";1
"3632";"Externo";1
"3633";"Extração";1
"3634";"Extraílo";1
"3635";"Extrapolam";1
"3636";"Extrativista";1
"3637";"Extremidade";1
"3638";"Ezio";1
"3639";"F";1
"3640";"Fábrica";1
"3641";"Façam";1
"3642";"Facebook";1
"3643";"Fácil";1
"3644";"Facilitadores";1
"3645";"Falado";1
"3646";"Falava";1
"3647";"Falavase";1
"3648";"Falholucila";1
"3649";"Faltandolucila";1
"3650";"Fatores";1
"3651";"Faturamento";1
"3652";"Fé";1
"3653";"Federalsidnei";1
"3654";"Feridos";1
"3655";"Ferreira";1
"3656";"Festival";1
"3657";"Ffa";1
"3658";"Ffque";1
"3659";"Ficadependente";1
"3660";"Ficando";1
"3661";"Ficha";1
"3662";"Fielmente";1
"3663";"Figuras";1
"3664";"Filmagem";1
"3665";"Filtro";1
"3666";"Fim";1
"3667";"Finalização";1
"3668";"Finalizado";1
"3669";"Finalizálos";1
"3670";"Finalizando";1
"3671";"Finalizou";1
"3672";"Finalleonardo";1
"3673";"Financeiros";1
"3674";"Financia";1
"3675";"Financiando";1
"3676";"Financiar";1
"3677";"Fino";1
"3678";"Fins";1
"3679";"Fiquem";1
"3680";"Fiscalizar";1
"3681";"Fixa";1
"3682";"Fixas";1
"3683";"Fixascapitão";1
"3684";"Flexíveis";1
"3685";"Flexível";1
"3686";"Floating";1
"3687";"Florim";1
"3688";"Flotador";1
"3689";"Flua";1
"3690";"Fluminense";1
"3691";"Flutua";1
"3692";"Flutuante";1
"3693";"Foca";1
"3694";"Focada";1
"3695";"Foge";1
"3696";"Fogo";1
"3697";"Formação";1
"3698";"Formaliza";1
"3699";"Formalização";1
"3700";"Formalmente";1
"3701";"Formam";1
"3702";"Formando";1
"3703";"Fornecedores";1
"3704";"Fornecendo";1
"3705";"Forneceu";1
"3706";"Forneciam";1
"3707";"Fornecimento";1
"3708";"Fortalecer";1
"3709";"Fortalecimento";1
"3710";"Fraco";1
"3711";"Frágil";1
"3712";"Fragilidade";1
"3713";"Fragmentado";1
"3714";"Franco";1
"3715";"Frase";1
"3716";"Fraturas";1
"3717";"Freado";1
"3718";"Frequência";1
"3719";"Fria";1
"3720";"Fronteiraslucila";1
"3721";"Frustrante";1
"3722";"Funçãoclaudio";1
"3723";"Funcionam";1
"3724";"Fundamentação";1
"3725";"Fundamentais";1
"3726";"Fundepag";1
"3727";"Fundespadocas";1
"3728";"Furar";1
"3729";"Gaema";1
"3730";"Garantia";1
"3731";"Gastar";1
"3732";"Gastarcarlos";1
"3733";"Gastau";1
"3734";"Geológica";1
"3735";"Georges";1
"3736";"Georreferenciadas";1
"3737";"Georreferenciado";1
"3738";"Gerador";1
"3739";"Gerar";1
"3740";"Gercoem";1
"3741";"Gercolucila";1
"3742";"Gercorodrigo";1
"3743";"Gerenciado";1
"3744";"Gerido";1
"3745";"Gestãogilda";1
"3746";"Gestoreslucila";1
"3747";"Gestoresrodrigo";1
"3748";"Gilda";1
"3749";"Gildamarcos";1
"3750";"Glnbsfflucila";1
"3751";"Gostaram";1
"3752";"Gostariam";1
"3753";"Governabilidade";1
"3754";"Gps";1
"3755";"Gradiente";1
"3756";"Grau";1
"3757";"Grava";1
"3758";"Gravadascapitão";1
"3759";"Grave";1
"3760";"Graves";1
"3761";"Guanabara";1
"3762";"Guará";1
"3763";"Guarda";1
"3764";"Ha";1
"3765";"Haviam";1
"3766";"Hidrocarbonetos";1
"3767";"Hlucila";1
"3768";"Hmin";1
"3769";"Homogênea";1
"3770";"Hplano";1
"3771";"Humanosquanto";1
"3772";"Icc";1
"3773";"Icms";1
"3774";"Ícones";1
"3775";"Ida";1
"3776";"Ideias";1
"3777";"Ignorar";1
"3778";"Igualmentelucila";1
"3779";"Ilegaisgeorges";1
"3780";"Ilegal";1
"3781";"Ilessa";1
"3782";"Ilhabelaapresentação";1
"3783";"Imagine";1
"3784";"Imensa";1
"3785";"Impactorodrigo";1
"3786";"Impactoslucila";1
"3787";"Impedimento";1
"3788";"Implantada";1
"3789";"Implantado";1
"3790";"Implantar";1
"3791";"Implementação";1
"3792";"Implementadas";1
"3793";"Importanteslucila";1
"3794";"Impôs";1
"3795";"Impostos";1
"3796";"Impressão";1
"3797";"Impulso";1
"3798";"In";1
"3799";"Inativos";1
"3800";"Incluída";1
"3801";"Inclusa";1
"3802";"Inclusão";1
"3803";"Incômodo";1
"3804";"Incompatibilidade";1
"3805";"Incongruências";1
"3806";"Inconstitucional";1
"3807";"Inconstitucionallucila";1
"3808";"Incorporação";1
"3809";"Incorporados";1
"3810";"Incorporou";1
"3811";"Incremento";1
"3812";"Incrementou";1
"3813";"Incrustações";1
"3814";"Independentesandré";1
"3815";"Indicam";1
"3816";"Índices";1
"3817";"Indireta";1
"3818";"Indiretageraldo";1
"3819";"Indiretaslucila";1
"3820";"Industrial";1
"3821";"Indústrias";1
"3822";"Inerente";1
"3823";"Inerte";1
"3824";"Inflexão";1
"3825";"Informaçõeslucila";1
"3826";"Informaçõesmaria";1
"3827";"Informarthiago";1
"3828";"Informativos";1
"3829";"Inglês";1
"3830";"Inibe";1
"3831";"Inicialmentethiago";1
"3832";"Iniciando";1
"3833";"Iniciar";1
"3834";"Iniciasse";1
"3835";"Injeçãoandré";1
"3836";"Injetado";1
"3837";"Injetores";1
"3838";"Inserções";1
"3839";"Inserida";1
"3840";"Inseridasgeraldo";1
"3841";"Inserisse";1
"3842";"Inseriu";1
"3843";"Inspirada";1
"3844";"Instalaçãopaula";1
"3845";"Instalados";1
"3846";"Institucional";1
"3847";"Instituída";1
"3848";"Instituídos";1
"3849";"Instituindo";1
"3850";"Instituir";1
"3851";"Instrução";1
"3852";"Instrumentalizalucila";1
"3853";"Instrumento";1
"3854";"Instrumentos";1
"3855";"Integraçãolucila";1
"3856";"Integradaa";1
"3857";"Integradacapitão";1
"3858";"Integradas";1
"3859";"Integrados";1
"3860";"Integral";1
"3861";"Integralmente";1
"3862";"Inteiro";1
"3863";"Inteligente";1
"3864";"Intemperizado";1
"3865";"Intenções";1
"3866";"Intensas";1
"3867";"Interagirlucila";1
"3868";"Interdisciplinar";1
"3869";"Interessa";1
"3870";"Interesseintervalo";1
"3871";"Interfaces";1
"3872";"Interferem";1
"3873";"Interferências";1
"3874";"Interior";1
"3875";"Interliga";1
"3876";"Interrompe";1
"3877";"Intervalo";1
"3878";"Introdução";1
"3879";"Invade";1
"3880";"Inverte";1
"3881";"Invertidosdevolutiva";1
"3882";"Investida";1
"3883";"Investigação";1
"3884";"Investimento";1
"3885";"Inviabilizada";1
"3886";"Iouspgeraldo";1
"3887";"Irregular";1
"3888";"Irregularidadesthiago";1
"3889";"Irrisório";1
"3890";"Isóbata";1
"3891";"Isolada";1
"3892";"Issocláudia";1
"3893";"Issolucila";1
"3894";"Issomárcio";1
"3895";"Itatiaia";1
"3896";"Item";1
"3897";"Itesp";1
"3898";"Ivan";1
"3899";"J";1
"3900";"Jerri";1
"3901";"Joana";1
"3902";"Joly";1
"3903";"Juizgeraldo";1
"3904";"Juntou";1
"3905";"Justificado";1
"3906";"Kitty";1
"3907";"L";1
"3908";"Láandré";1
"3909";"Ladoandré";1
"3910";"Ladomarcos";1
"3911";"Ladorodrigo";1
"3912";"Lados";1
"3913";"Lagoa";1
"3914";"Lamenta";1
"3915";"Lamentável";1
"3916";"Lamentou";1
"3917";"Lateral";1
"3918";"Laudo";1
"3919";"Legalista";1
"3920";"Legenda";1
"3921";"Legislativa";1
"3922";"Leila";1
"3923";"Levada";1
"3924";"Levadas";1
"3925";"Levados";1
"3926";"Leválo";1
"3927";"Levando";1
"3928";"Levantadas";1
"3929";"Leve";1
"3930";"Levesandré";1
"3931";"Licençamaurici";1
"3932";"Licenciadocláudio";1
"3933";"Licenciadores";1
"3934";"Licenciamentogeraldo";1
"3935";"Licenciamentos";1
"3936";"Lido";1
"3937";"Lift";1
"3938";"Liga";1
"3939";"Ligação";1
"3940";"Ligaria";1
"3941";"Ligou";1
"3942";"Liminar";1
"3943";"Limita";1
"3944";"Limitações";1
"3945";"Limnologia";1
"3946";"Limpeza";1
"3947";"Linearesrodrigo";1
"3948";"Listagem";1
"3949";"Listas";1
"3950";"Livreto";1
"3951";"Localandré";1
"3952";"Localizada";1
"3953";"Localizase";1
"3954";"Localmente";1
"3955";"Lógica";1
"3956";"Lugar";1
"3957";"M";1
"3958";"Má";1
"3959";"Maciça";1
"3960";"Magnitude";1
"3961";"Mainfold";1
"3962";"Maiorrodrigo";1
"3963";"Mal";1
"3964";"Maldição";1
"3965";"Maldiçãoleonardo";1
"3966";"Malha";1
"3967";"Mancha";1
"3968";"Manchas";1
"3969";"Mandato";1
"3970";"Manejoluciana";1
"3971";"Manejorua";1
"3972";"Manifestaçãoluciana";1
"3973";"Manifestado";1
"3974";"Manifestam";1
"3975";"Manifestarem";1
"3976";"Manipulação";1
"3977";"Mantida";1
"3978";"Manutenção";1
"3979";"Mãodeobraleonardo";1
"3980";"Maparonaldo";1
"3981";"Mapasleonardo";1
"3982";"Marca";1
"3983";"Marcadas";1
"3984";"Marcar";1
"3985";"Marcelo";1
"3986";"Marçogilda";1
"3987";"Marcosmarcos";1
"3988";"Maré";1
"3989";"Mariculturaluciana";1
"3990";"Mariculturaquanto";1
"3991";"Marítimamarcos";1
"3992";"Maritime";1
"3993";"Matrizes";1
"3994";"Maurici";1
"3995";"Mecanismo";1
"3996";"Média";1
"3997";"Medida";1
"3998";"Melhoradarodrigo";1
"3999";"Melhorou";1
"4000";"Membros";1
"4001";"Memóriascomo";1
"4002";"Memóriaslucila";1
"4003";"Mencionam";1
"4004";"Mensalmente";1
"4005";"Mensuráveis";1
"4006";"Mera";1
"4007";"Mereciam";1
"4008";"Mergulho";1
"4009";"Mesesgeraldo";1
"4010";"Meseslucila";1
"4011";"Mestradocarlos";1
"4012";"Metadados";1
"4013";"Metalucila";1
"4014";"Metashelena";1
"4015";"Metodologias";1
"4016";"Mexer";1
"4017";"Migração";1
"4018";"Migraram";1
"4019";"Milhão";1
"4020";"Militar";1
"4021";"Mineral";1
"4022";"Minimizam";1
"4023";"Mínimoscarlos";1
"4024";"Minutas";1
"4025";"Missão";1
"4026";"Mistura";1
"4027";"Mobilizando";1
"4028";"Moçãolucila";1
"4029";"Moderador";1
"4030";"Moderadores";1
"4031";"Modernização";1
"4032";"Modifica";1
"4033";"Modificações";1
"4034";"Modificado";1
"4035";"Modificadogeraldo";1
"4036";"Molhada";1
"4037";"Monitora";1
"4038";"Monitoradoedson";1
"4039";"Montante";1
"4040";"Montar";1
"4041";"Monte";1
"4042";"Moradores";1
"4043";"Morosidade";1
"4044";"Mostrando";1
"4045";"Mostrouse";1
"4046";"Motivador";1
"4047";"Motivos";1
"4048";"Mplucila";1
"4049";"Mudanças";1
"4050";"Mundial";1
"4051";"Municiados";1
"4052";"Municiar";1
"4053";"Municipalização";1
"4054";"Municípiodione";1
"4055";"Municípiosgeorges";1
"4056";"Nadageraldo";1
"4057";"Nagoya";1
"4058";"Nãopaulo";1
"4059";"Naquilo";1
"4060";"Navegaçãolucila";1
"4061";"Navioandré";1
"4062";"Naviosgeraldo";1
"4063";"Naviosplataforma";1
"4064";"Necessidaderodrigo";1
"4065";"Necessidades";1
"4066";"Negativas";1
"4067";"Nela";1
"4068";"Nestas";1
"4069";"Níveis";1
"4070";"Nordeste";1
"4071";"Normais";1
"4072";"Nota";1
"4073";"Notado";1
"4074";"Novolucila";1
"4075";"Números";1
"4076";"Objetiva";1
"4077";"Objetivascomentou";1
"4078";"Objeto";1
"4079";"Obra";1
"4080";"Obriga";1
"4081";"Obrigadas";1
"4082";"Obrigados";1
"4083";"Óbvia";1
"4084";"Oceanografia";1
"4085";"Ocorrem";1
"4086";"Ocorreram";1
"4087";"Ocorrerintervalo";1
"4088";"Ocorria";1
"4089";"Ocupados";1
"4090";"Offshore";1
"4091";"Oficial";1
"4092";"Oficialmentecapitão";1
"4093";"Olavo";1
"4094";"Óleoandré";1
"4095";"Olha";1
"4096";"Olhares";1
"4097";"Onu";1
"4098";"Opaís";1
"4099";"Opapel";1
"4100";"Opção";1
"4101";"Opera";1
"4102";"Operações";1
"4103";"Opinaram";1
"4104";"Opiniões";1
"4105";"Ordenamento";1
"4106";"Ordinárialucila";1
"4107";"Ordinárias";1
"4108";"Ordinário";1
"4109";"Órfãs";1
"4110";"Orientadores";1
"4111";"Originou";1
"4112";"Ousada";1
"4113";"Outorgas";1
"4114";"Ouvinte";1
"4115";"Ouviu";1
"4116";"Paga";1
"4117";"Página";1
"4118";"Páginasdenise";1
"4119";"Paisagísticos";1
"4120";"Paíspedro";1
"4121";"Palestras";1
"4122";"Pamba";1
"4123";"Panorama";1
"4124";"Paradigma";1
"4125";"Paranapiacaba";1
"4126";"Paraty";1
"4127";"Paratyalexandre";1
"4128";"Parautilização";1
"4129";"Parceira";1
"4130";"Parceiros";1
"4131";"Parecerlucila";1
"4132";"Participam";1
"4133";"Participará";1
"4134";"Passando";1
"4135";"Passará";1
"4136";"Passarão";1
"4137";"Passava";1
"4138";"Passavam";1
"4139";"Peculiaridade";1
"4140";"Pedagiadas";1
"4141";"Pedágios";1
"4142";"Pede";1
"4143";"Penetrar";1
"4144";"Pensada";1
"4145";"Pequeno";1
"4146";"Perceberam";1
"4147";"Percorrem";1
"4148";"Perde";1
"4149";"Perdendo";1
"4150";"Perfil";1
"4151";"Perfurar";1
"4152";"Permanece";1
"4153";"Permanecer";1
"4154";"Permanentemente";1
"4155";"Permanentesleonardo";1
"4156";"Permeabilidade";1
"4157";"Permitem";1
"4158";"Permitido";1
"4159";"Permitir";1
"4160";"Pertence";1
"4161";"Pesados";1
"4162";"Pescadoresb";1
"4163";"Pescadoresdevolutiva";1
"4164";"Pescadoreslucila";1
"4165";"Pescadoresos";1
"4166";"Pescadorlucila";1
"4167";"Pesqueira";1
"4168";"Pesqueiracaetano";1
"4169";"Pesqueirapaula";1
"4170";"Pesquisaclaudio";1
"4171";"Pesquisador";1
"4172";"Pessoageraldo";1
"4173";"Pessoalucila";1
"4174";"Pessoaslucila";1
"4175";"Petrobrasmarcos";1
"4176";"Pinto";1
"4177";"Piracema";1
"4178";"Planaltorodrigo";1
"4179";"Planejada";1
"4180";"Planejamentocarlos";1
"4181";"Plantadas";1
"4182";"Plotagem";1
"4183";"Pmamb";1
"4184";"Pmap";1
"4185";"Pmmas";1
"4186";"Pmrs";1
"4187";"Pmrspaula";1
"4188";"Pnaprodrigo";1
"4189";"Poderiam";1
"4190";"Polar";1
"4191";"Polegadas";1
"4192";"Polêmica";1
"4193";"Polêmico";1
"4194";"Polícia";1
"4195";"Polidos";1
"4196";"Polietileno";1
"4197";"Polígono";1
"4198";"Políticaleonardo";1
"4199";"Pontuais";1
"4200";"Porte";1
"4201";"Porventura";1
"4202";"Posicionamentos";1
"4203";"Positiva";1
"4204";"Positivas";1
"4205";"Positivos";1
"4206";"Póssallucila";1
"4207";"Possam";1
"4208";"Possibilidadeandré";1
"4209";"Posta";1
"4210";"Postou";1
"4211";"Potável";1
"4212";"Potencialidade";1
"4213";"Potencializa";1
"4214";"Poucas";1
"4215";"Poucoslucila";1
"4216";"Pr";1
"4217";"Praiasthiago";1
"4218";"Práticas";1
"4219";"Prazolucila";1
"4220";"Precisaria";1
"4221";"Precise";1
"4222";"Preciso";1
"4223";"Preço";1
"4224";"Preencheu";1
"4225";"Preenchido";1
"4226";"Preenchimento";1
"4227";"Prefeito";1
"4228";"Prejudicada";1
"4229";"Prejudicam";1
"4230";"Premissa";1
"4231";"Premissas";1
"4232";"Preocupado";1
"4233";"Preparava";1
"4234";"Préprojetos";1
"4235";"Preps";1
"4236";"Pré-Sala";1
"4237";"Pré-Salandré";1
"4238";"Pré-Salgeraldo";1
"4239";"Pré-Salmarcos";1
"4240";"Presenciou";1
"4241";"Presentesandré";1
"4242";"Preservação";1
"4243";"Preservada";1
"4244";"Preservar";1
"4245";"Pressões";1
"4246";"Prestação";1
"4247";"Pretendese";1
"4248";"Prevê";1
"4249";"Prévias";1
"4250";"Primaram";1
"4251";"Primeiros";1
"4252";"Princípio";1
"4253";"Prioritárias";1
"4254";"Priorizando";1
"4255";"Privado";1
"4256";"Privilegiado";1
"4257";"Probio";1
"4258";"Problemático";1
"4259";"Proceder";1
"4260";"Processador";1
"4261";"Processoevandro";1
"4262";"Processonicanor";1
"4263";"Processosleonardo";1
"4264";"Procuradora";1
"4265";"Procuradoria";1
"4266";"Procurouse";1
"4267";"Production";1
"4268";"Produtiva";1
"4269";"Produtosandré";1
"4270";"Produzida";1
"4271";"Produzidos";1
"4272";"Prof";1
"4273";"Professor";1
"4274";"Professores";1
"4275";"Profissões";1
"4276";"Profundidadelucila";1
"4277";"Projeção";1
"4278";"Promotores";1
"4279";"Prontos";1
"4280";"Propagando";1
"4281";"Proporcional";1
"4282";"Proporcionalmente";1
"4283";"Proporcionando";1
"4284";"Proporcionar";1
"4285";"Proporcionou";1
"4286";"Proposição";1
"4287";"Propriedade";1
"4288";"Propulsores";1
"4289";"Prorrogação";1
"4290";"Protege";1
"4291";"Protegidalucila";1
"4292";"Protocolaram";1
"4293";"Provado";1
"4294";"Provargeraldo";1
"4295";"Provas";1
"4296";"Provasgeraldo";1
"4297";"Provenientes";1
"4298";"Provocou";1
"4299";"Próximas";1
"4300";"Públicajoana";1
"4301";"Públicaleonardo";1
"4302";"Publicálo";1
"4303";"Publicar";1
"4304";"Públicaronaldo";1
"4305";"Puderam";1
"4306";"Quantitativas";1
"4307";"Quatros";1
"4308";"Quebra";1
"4309";"Quebram";1
"4310";"Quefosse";1
"4311";"Quehaverá";1
"4312";"Queimaandré";1
"4313";"Queimada";1
"4314";"Queimam";1
"4315";"Quente";1
"4316";"Quentes";1
"4317";"Querem";1
"4318";"Queria";1
"4319";"Queriam";1
"4320";"Quesito";1
"4321";"Questãocarlos";1
"4322";"Questãochave";1
"4323";"Questiona";1
"4324";"Questionados";1
"4325";"Questionamento";1
"4326";"Questionando";1
"4327";"Questionáveis";1
"4328";"Questionável";1
"4329";"Quilombo";1
"4330";"Quinta";1
"4331";"Raízes";1
"4332";"Rapidamente";1
"4333";"Razoável";1
"4334";"Re";1
"4335";"Reabrir";1
"4336";"Readequações";1
"4337";"Readequando";1
"4338";"Realistas";1
"4339";"Realizadomarcos";1
"4340";"Realizálas";1
"4341";"Realizou";1
"4342";"Reavaliar";1
"4343";"Rebio";1
"4344";"Rebocadores";1
"4345";"Reboque";1
"4346";"Recadastramento";1
"4347";"Recebem";1
"4348";"Receber";1
"4349";"Receberam";1
"4350";"Receberrelatório";1
"4351";"Recémpublicado";1
"4352";"Reclamações";1
"4353";"Reclamar";1
"4354";"Recolhendo";1
"4355";"Recolhido";1
"4356";"Recomendação";1
"4357";"Recomendações";1
"4358";"Recomendou";1
"4359";"Reconheçam";1
"4360";"Reconhecerem";1
"4361";"Reconhecido";1
"4362";"Recorrer";1
"4363";"Recursoslucila";1
"4364";"Rédea";1
"4365";"Redes";1
"4366";"Redução";1
"4367";"Redundou";1
"4368";"Reduzem";1
"4369";"Reduzir";1
"4370";"Refere";1
"4371";"Referenciais";1
"4372";"Referenciando";1
"4373";"Referirem";1
"4374";"Referiuse";1
"4375";"Reflorestada";1
"4376";"Reforçou";1
"4377";"Reformar";1
"4378";"Reformataram";1
"4379";"Regiãoandré";1
"4380";"Regiãodenise";1
"4381";"Regiãolucila";1
"4382";"Regiãothiago";1
"4383";"Regimento";1
"4384";"Registrar";1
"4385";"Regra";1
"4386";"Regraspedro";1
"4387";"Regulamentados";1
"4388";"Regulamentar";1
"4389";"Regularizados";1
"4390";"Rej";1
"4391";"Relacionam";1
"4392";"Relacionar";1
"4393";"Relações";1
"4394";"Relembrou";1
"4395";"Remuneração";1
"4396";"Renováveis";1
"4397";"Rentável";1
"4398";"Repassado";1
"4399";"Repassasse";1
"4400";"Repasse";1
"4401";"Repetidas";1
"4402";"Reportar";1
"4403";"Representativa";1
"4404";"Reprovou";1
"4405";"Repsolmaurici";1
"4406";"Requer";1
"4407";"Resex";1
"4408";"Resfriamentoandré";1
"4409";"Resistentes";1
"4410";"Resolva";1
"4411";"Resolvido";1
"4412";"Respectivo";1
"4413";"Respeito";1
"4414";"Responde";1
"4415";"Responsabiliza";1
"4416";"Respostas";1
"4417";"Ressaltar";1
"4418";"Restabelecida";1
"4419";"Restar";1
"4420";"Restrição";1
"4421";"Restrições";1
"4422";"Restringir";1
"4423";"Restritivo";1
"4424";"Restritos";1
"4425";"Resultante";1
"4426";"Resultar";1
"4427";"Resultarão";1
"4428";"Resumindo";1
"4429";"Resumocomentou";1
"4430";"Retirados";1
"4431";"Retomadas";1
"4432";"Retorno";1
"4433";"Retratando";1
"4434";"Retrocesso";1
"4435";"Reuniãoclaúdio";1
"4436";"Reuniãodevolutiva";1
"4437";"Reuniãofoi";1
"4438";"Reuniãopaula";1
"4439";"Reuniõeso";1
"4440";"Reunir";1
"4441";"Réus";1
"4442";"Rgp";1
"4443";"Rígida";1
"4444";"Rígido";1
"4445";"Rima";1
"4446";"Riqueza";1
"4447";"Riser";1
"4448";"Rochareservatório";1
"4449";"Rodoviamarcos";1
"4450";"Roteirometodológico";1
"4451";"Rotineiras";1
"4452";"Ruídos";1
"4453";"Ruim";1
"4454";"Rural";1
"4455";"S";1
"4456";"Sá";1
"4457";"Sabera";1
"4458";"Sabesp";1
"4459";"Sacrifício";1
"4460";"Saiba";1
"4461";"Sair";1
"4462";"Salvo";1
"4463";"Sanitarista";1
"4464";"Santo";1
"4465";"Satisfação";1
"4466";"Saúdelucila";1
"4467";"Sebastiãogeraldo";1
"4468";"Sebastiãolucila";1
"4469";"Sedimentares";1
"4470";"Seevitou";1
"4471";"Segredo";1
"4472";"Segregada";1
"4473";"Seguintes";1
"4474";"Segura";1
"4475";"Selagem";1
"4476";"Selo";1
"4477";"Sêlo";1
"4478";"Seminários";1
"4479";"Semissubmersível";1
"4480";"Sensação";1
"4481";"Separação";1
"4482";"Separada";1
"4483";"Separou";1
"4484";"Sérios";1
"4485";"Serviu";1
"4486";"Setembro";1
"4487";"Setores";1
"4488";"Sextasfeiras";1
"4489";"Shut";1
"4490";"Sidnei";1
"4491";"Sigapgeorges";1
"4492";"Sigla";1
"4493";"Signatário";1
"4494";"Significado";1
"4495";"Significativoclaudio";1
"4496";"Simaplncombrmostrou";1
"4497";"Simaplnlucila";1
"4498";"Simmar";1
"4499";"Simultaneamentequanto";1
"4500";"Simultâneos";1
"4501";"Sinalização";1
"4502";"Sinalizados";1
"4503";"Sinalizar";1
"4504";"Sisnama";1
"4505";"Sistemático";1
"4506";"Sistematização";1
"4507";"Sitedeliberação";1
"4508";"Smaff";1
"4509";"Smart";1
"4510";"Sobra";1
"4511";"Sobreposições";1
"4512";"Sobrepostas";1
"4513";"Sociedadecarlos";1
"4514";"Sociedademarcos";1
"4515";"Socioambiental";1
"4516";"Sociologia";1
"4517";"Sofisticado";1
"4518";"Sofrerá";1
"4519";"Sol";1
"4520";"Solicitação";1
"4521";"Solicitadas";1
"4522";"Solicitarmos";1
"4523";"Sólidosdenise";1
"4524";"Soluções";1
"4525";"Soma";1
"4526";"Somada";1
"4527";"Somados";1
"4528";"Somam";1
"4529";"Somando";1
"4530";"Soube";1
"4531";"Souberam";1
"4532";"Specific";1
"4533";"Sr";1
"4534";"Stanich";1
"4535";"Storage";1
"4536";"Subestimada";1
"4537";"Submarino";1
"4538";"Subsequentes";1
"4539";"Subsidiando";1
"4540";"Substância";1
"4541";"Substanciais";1
"4542";"Substituído";1
"4543";"Substrato";1
"4544";"Sucintageraldo";1
"4545";"Sujeitos";1
"4546";"Superior";1
"4547";"Supõe";1
"4548";"Surgirá";1
"4549";"Suscetibilidade";1
"4550";"Suscetível";1
"4551";"Suspendeu";1
"4552";"Tanque";1
"4553";"Tantos";1
"4554";"Tarde";1
"4555";"TDRs";1
"4556";"Técnicadeliberação";1
"4557";"Técnicas";1
"4558";"Teixeiraleonardo";1
"4559";"Temasmoção";1
"4560";"Tempojuliano";1
"4561";"Temporalmente";1
"4562";"Temporários";1
"4563";"Temse";1
"4564";"Tende";1
"4565";"Tendência";1
"4566";"Tendese";1
"4567";"Tenta";1
"4568";"Tentando";1
"4569";"Tentandose";1
"4570";"Tentarão";1
"4571";"Terceiro";1
"4572";"Terminado";1
"4573";"Terminais";1
"4574";"Terminaisdenise";1
"4575";"Término";1
"4576";"Terminou";1
"4577";"Terrestresb";1
"4578";"Territórios";1
"4579";"Tido";1
"4580";"Tipoarmazena";1
"4581";"Tira";1
"4582";"Tirar";1
"4583";"Titular";1
"4584";"Tldsspas";1
"4585";"Tocante";1
"4586";"Tocar";1
"4587";"Todoleonardo";1
"4588";"Todosesclarecimentosclaudio";1
"4589";"Tomadas";1
"4590";"Tombadas";1
"4591";"Tombamento";1
"4592";"Tombamentos";1
"4593";"Tome";1
"4594";"Tornouse";1
"4595";"Torpedo";1
"4596";"Totalandré";1
"4597";"Trabalhada";1
"4598";"Trabalhado";1
"4599";"Trabalhosa";1
"4600";"Trabalhospedro";1
"4601";"Trafficgabriel";1
"4602";"Traineiras";1
"4603";"Tramitação";1
"4604";"Transferir";1
"4605";"Trânsito";1
"4606";"Transmitir";1
"4607";"Transversal";1
"4608";"Tratador";1
"4609";"Tratados";1
"4610";"Tratamentos";1
"4611";"Trazem";1
"4612";"Trechos";1
"4613";"Treze";1
"4614";"Trilhão";1
"4615";"Trimestre";1
"4616";"Triplicamse";1
"4617";"Triplicou";1
"4618";"Tubo";1
"4619";"Tubos";1
"4620";"Tupinambássidnei";1
"4621";"Turistas";1
"4622";"Turístico";1
"4623";"Ubatubadevolutiva";1
"4624";"Uccarlos";1
"4625";"Uclucila";1
"4626";"Ucronaldo";1
"4627";"UCSandré";1
"4628";"UCSc";1
"4629";"UCScarlos";1
"4630";"UCSe";1
"4631";"UCSronaldo";1
"4632";"UCSsidnei";1
"4633";"Ucthiago";1
"4634";"Umalei";1
"4635";"Umbilical";1
"4636";"Únicas";1
"4637";"Uniformizar";1
"4638";"Univali";1
"4639";"Usinas";1
"4640";"Uspgeraldo";1
"4641";"Úteis";1
"4642";"Utilidade";1
"4643";"Utilizálos";1
"4644";"Utilizarleonardo";1
"4645";"V";1
"4646";"Valem";1
"4647";"Vandalizar";1
"4648";"Vanguardaleonardo";1
"4649";"Variação";1
"4650";"Vegetal";1
"4651";"Veio";1
"4652";"Velejadores";1
"4653";"Vendida";1
"4654";"Veracidadethiago";1
"4655";"Veraneio";1
"4656";"Verde";1
"4657";"Verdeazul";1
"4658";"Verificação";1
"4659";"Verificada";1
"4660";"Vermelha";1
"4661";"Verticais";1
"4662";"Viabilizálo";1
"4663";"Viária";1
"4664";"Vias";1
"4665";"Viáveis";1
"4666";"Viável";1
"4667";"Victorrodrigo";1
"4668";"Vinda";1
"4669";"Violência";1
"4670";"Violento";1
"4671";"Vir";1
"4672";"Virá";1
"4673";"Viraram";1
"4674";"Viscosidade";1
"4675";"Visem";1
"4676";"Visitas";1
"4677";"Vista";1
"4678";"Vistoria";1
"4679";"Visual";1
"4680";"Visualizações";1
"4681";"Vizinho";1
"4682";"Vocação";1
"4683";"Voltada";1
"4684";"Voltou";1
"4685";"Voluntária";1
"4686";"Votar";1
"4687";"Vulnerabilidadeleonardo";1
"4688";"Website";1
"4689";"Wwwsimaplncombrencaminhamentosdiagnóstico";1
"4690";"Xxxiv";1
"4691";"Xxxvi";1
"4692";"Zacchi";1
"4693";"Zacchicarlos";1
"4694";"Zelândia";1
"4695";"Zonas";1
